source,userName,score_rating,at,text,sentiment,confidence
play_store,Sandy Brown,5,2025-11-06 11:45:26,Great,Positive,0.7565582990646362
play_store,Judy Dillon,1,2025-11-05 13:03:45,"Any problems you have, they send you to another country that can barely speak English and speak way too fast.",Negative,0.9053120613098145
play_store,Dave Dickler,2,2025-11-03 20:34:52,What a waste of user time.,Negative,0.9096156358718872
play_store,Dale Davis,1,2025-11-03 17:12:19,Barely able to activate card when paying,Neutral,0.4960992634296417
play_store,April Froelicher,1,2025-11-02 16:10:05,this app serves me no purpose I don't have T-Mobile service I can't uninstall it and I can't disable it,Negative,0.8870583176612854
play_store,Elena Estrada-Sanchez,1,2025-10-30 01:01:25,"Not able to uninstall, why?",Negative,0.5389950275421143
play_store,Lyle Vogel,1,2025-10-24 17:13:03,"Useless, like most vendor apps.",Negative,0.9300058484077454
play_store,Prof Scharmer,1,2025-10-24 05:45:01,"It says feel free to uninstall, but it is protected. And yes, I already have T life downloaded.",Neutral,0.7573955059051514
play_store,Derrick P Pellicotte ll,1,2025-10-23 02:49:35,no you guys are liars this app is not even terminated,Negative,0.8964725136756897
play_store,Alejandro Meza,1,2025-10-20 20:57:00,it gave access to an unwanted person. now my data has sky rocked due to someone adding Google fi. let's see how they fix this.,Negative,0.8798151612281799
play_store,Charles Whipple,5,2025-10-20 14:03:19,T-Mobile app is great just don't like it when you try to go to the store and get your phone upgraded and the people at the store treat you like your retard because you can't read and they tell you that you don't have no new phone coming and you do and when you call customer service on T-Mobile app they tell you that you have one and then you let them know how you got treated at the store and they take care of it far as I know I have a phone waiting for me and I don't get it yet,Negative,0.8295769095420837
play_store,Theire Winters,5,2025-10-15 20:56:23,good with customers and good prices,Positive,0.9232923984527588
play_store,Mkaye Alldrin,5,2025-10-15 17:57:58,best of the best,Positive,0.9247909188270569
play_store,David Crawford,1,2025-10-14 22:25:45,not important,Neutral,0.6209787726402283
play_store,Olga Moreno,5,2025-10-14 22:24:25,it's been an awesome journey for the last few years. Assistance with many questions n issues have always been addressed in a timely manner and very professional.,Positive,0.9756592512130737
play_store,Danya Bodden,5,2025-10-13 22:03:49,awesome network,Positive,0.9482442736625671
play_store,Foxy Aaron,5,2025-10-13 12:23:41,"I've had them for over a decade, not a problem to gripe about",Neutral,0.47589191794395447
play_store,Elizabeth Orquiola-Lavarez*,5,2025-10-12 05:53:36,",,,'‚òÖ‚Ä†‚Ä°‚Ä†TEMPLAR'T-MOBiL√à¬∂‚Åπ¬ß^‚ÅπŒ©‚Åπ‚òÖ‚Ä†‚Ä°‚Ä†",Neutral,0.646214485168457
play_store,Gail Hunter,5,2025-10-11 13:19:03,absolutely great movies.,Positive,0.9814183712005615
play_store,John Roe,1,2025-10-10 14:24:54,this app is no longer working!!,Negative,0.8778902292251587
play_store,Charissa Worthen,1,2025-10-09 11:03:28,this app keeps crashing when I try to set up a payment arrangement & it keeps making me log back in. everytime there is an update this happens every single time.,Negative,0.9229528903961182
play_store,Curtis Jones,5,2025-10-08 17:39:07,Very convenient app,Positive,0.9472100734710693
play_store,Danny,1,2025-10-06 11:29:13,T-Mobile sucks! You inform now that the T-Mobile app should be deleted and T-Life is the new app. But you prevent us from deleting the app on our phones!!!!! This leaves millions stranded with an old app we can't delete nor do I want either bloat spyware!,Negative,0.9360130429267883
play_store,First Last,1,2025-10-06 09:32:33,"This app seems to be on a ""waste as much of my priceless life as posible"" loop. Always asking me to fill in an app, only to restrict me access to my own accont. I imagine after a while, they'd get worn out with messing with you but, nope. It's programs, they don't get tired nor do they feel. Tmobile really needs to sharpen up on their ""integrity"" & not degrade the quality of service they promised to provide, so long as I uphold my end of the agreement and pay my bills on time, all the time. üëéüëé",Negative,0.8637329339981079
play_store,Nels Anderson,4,2025-10-05 19:11:34,So sorry. But I can't remember..,Negative,0.843643307685852
play_store,Maureen Yocum,1,2025-10-04 19:47:04,never works,Negative,0.532530665397644
play_store,Tiger Cub,1,2025-10-04 15:42:39,"Tmobile can't keep connection to cell service or data! Our FIRE STATIONS are all down as r cellphones&in vehicle computers,all on Tmobile! Customers in the county hav horrible service. Xtra last few wks. Do airplane mode on off. C Cellular off on,restart devices. Iccasionally get 2 secs of connection! Oay a lot for multi devices! Cell calls don't work! Voice mails don't evr arrive or a few arrive days to hours later. Txts may not arrive! No tower in unincorporated town! Criminal IMOüö®",Negative,0.9272693395614624
play_store,Robyn Manson,5,2025-10-04 12:34:07,nice,Positive,0.6833023428916931
play_store,Mohammed Sabr,5,2025-10-03 21:08:16,Pretty,Positive,0.8503880500793457
play_store,B A,2,2025-10-03 20:01:03,"Be forewarned - TMobile doesn't care if you've lost business while on their business plan. I lost $165 while phone calls and texts were coming in late. After being on the phone with customer service and the billing department, they credited me a whole $30 for two months of billing $60 total. Now looking at my options for better business service out there.",Negative,0.8421308994293213
play_store,Bryan Hilderbrant,3,2025-10-03 11:20:00,can't log in to my account and phone number,Neutral,0.5495184659957886
play_store,Kevin,1,2025-10-02 23:50:42,BBBOOOOOOK,Neutral,0.5682113766670227
play_store,Andy Armstrong,1,2025-10-02 21:46:11,Got T Life but cannot delete T-Mobile. Why won't it let me delete it?,Negative,0.6395276188850403
play_store,Martha Lincoln,1,2025-10-02 03:46:22,too many constant texts from them all that unnecessary,Negative,0.8025115132331848
play_store,Amy Maden,5,2025-09-30 18:13:33,good signal love the app,Positive,0.979678750038147
play_store,robert davis,5,2025-09-29 12:23:48,It's a fantastic app. As everything you need from T-Mobile.,Positive,0.9853495955467224
play_store,Sandie Fish,1,2025-09-28 03:42:02,I found this app totally unnecessary UPDATE: AND THE REPLACEMENT APP T-LIFE IS EVEN WORSE,Negative,0.9673379063606262
play_store,Tiffany,1,2025-09-27 05:49:44,app just in the way .,Negative,0.8338905572891235
play_store,Arnold Palmer,2,2025-09-27 04:38:33,this app is awful. keep my phone slow. sometimes no reception,Negative,0.9618649482727051
play_store,Nina Alexander,3,2025-09-26 22:31:18,"3005 Phoenix St Apt C Oct. 2025 Williams Blvd Capitol One Platinum ATM 70065 2020's Kenner, Louisiana.",Neutral,0.9512085318565369
play_store,mikhiel chebornek,5,2025-09-24 03:01:37,"I enjoy the usefulness of the T-Mobile app, it's layout and the comfort of use make it a pleasure to use.",Positive,0.9822271466255188
play_store,Dannette Black,5,2025-09-23 16:04:11,Best company by far! Been with them 15 years. Best prices and affordable rates and very easy to work with. Thank you T- Mobil!,Positive,0.982211172580719
play_store,Rich H,2,2025-09-23 10:47:47,being forced to tlife.. it feels like a huge and oversized virus...,Negative,0.91390460729599
play_store,J Knight,5,2025-09-22 23:43:48,user friendly,Neutral,0.6456970572471619
play_store,Juan Mendez,5,2025-09-22 06:54:21,great and easy app to use,Positive,0.9806748032569885
play_store,E.J.H,1,2025-09-21 16:41:01,"they are an anti American co. and they are full of anti God people as well, they pad your final bill to put bad credit ratings against you!",Negative,0.9409295320510864
play_store,Michael Collins,3,2025-09-21 07:41:08,great app easy to use. spotty service area and 5g only works part time.,Positive,0.9762222170829773
play_store,V. F.,4,2025-09-21 04:11:08,minimal issues,Neutral,0.5432970523834229
play_store,brett wheeler,1,2025-09-20 22:41:25,I haven't had T-Mobile for years. No matter which service provider I use I can never delete these apps and they auto install with every new phone because I used T-Mobile years ago. Short of rooting my phones there is no way to delete the app. This is incredibly frustrating. App developer needs to provide a way to remove app if you change service providers.,Negative,0.8883273005485535
play_store,Dwayne Leece,5,2025-09-19 20:49:37,great service,Positive,0.8881744742393494
play_store,Steven James Bull,3,2025-09-19 09:47:17,"I don't like T-Mobile. They sold me a new phone with no upgrade storage chips, and a broken screen protector! With no extras in stock! For $300? I returned it. Right back to MetroPCS! T-Mobile has ""gifting Tuesdays"". You walk into a store, and tell people ""T-Mobile says you need to give me whatever they're hustling now"". These businesses have no idea what I'm talking about! ""Go back to your T-Mobile store, and tell them give me my free stuff!"" Lots of crazy hype built into their web page.",Negative,0.8232374787330627
play_store,Keith Heath,5,2025-09-19 06:30:37,Great app Easy navigation,Positive,0.9624950289726257
play_store,Mo W,4,2025-09-18 16:04:26,"when updates occur, it messes with all my apps on the screen. then it freezes up the main screen and have to reboot the entire device. what's up with loosing internet service seriously get it together guys",Negative,0.9345453381538391
play_store,Savage Diamond,1,2025-09-17 13:02:44,"How the hell I'll delete this if you don't have an option to? TLife is the new app that replaced this one, and it's been a long time the app is asking to get rid of this one and I can't. Why? Just enable a freaking button to get rid of it. Users don't need a tone of useless apps on our phones. Work on it already. Jesus!",Negative,0.9194239377975464
play_store,Bobby Roush,1,2025-09-17 08:29:23,way to high,Neutral,0.47409528493881226
play_store,Jason,1,2025-09-16 14:15:07,want it gone,Negative,0.6781937479972839
play_store,Ricky,5,2025-09-16 01:34:17,Great service,Positive,0.9076945185661316
play_store,Stephanie Yazzie,5,2025-09-15 09:36:26,easy to use,Positive,0.7463752627372742
play_store,James Nikolaisen,5,2025-09-15 07:09:48,I love Tlife it's great,Positive,0.9821188449859619
play_store,Aaron Lundquist,5,2025-09-15 05:45:14,Still leaning about this application when ever application is on the phone is a little overwhelming because there's so many features to take care of anyways I was sold An iPhone 12 for $400 with the lazer lacking precocious I'm going to go Fing the guys store tomorrow or the next day to let him know he took his add off Craiglist. so I wasting $100 on chart plan and &400 on phone unless he can fix it there going to be a talk between us to find out why the chip doesn't work. works in my brother,Negative,0.567594051361084
play_store,Kathi Cross,1,2025-09-13 05:17:10,take it off if you want using the app,Neutral,0.8811416625976562
play_store,Judi Muenzenberger,1,2025-09-12 18:36:01,"iI don't have t mobile, I spectrum to pay for my phone bill?....have spectrum",Neutral,0.7023957371711731
play_store,mr m,1,2025-09-11 07:34:53,it's a dead app why the he'll is it still in the app store?,Negative,0.8381273746490479
play_store,Steve Allberry,1,2025-09-10 19:07:29,I never wanted it installed,Negative,0.6933292746543884
play_store,Andrew,1,2025-09-10 08:20:58,"YOU NEED TO UNLOCK THE APP! ""Feel free to delete app"", this will become a security liability very quickly and I will not be doing business with tmobile in the future if you do not support your own bloatware.",Negative,0.9276642203330994
play_store,Michael Myles,1,2025-09-10 02:03:14,not allowed to use on mobile phone,Neutral,0.5420162677764893
play_store,Mike Higgins,2,2025-09-09 21:28:38,"There is Way too much of my account information available without even having to log in. I really don't like that.. anyone that was able to get into my phone could get SO MUCH info out of the account, without any need to log in that this app is horrible in my eyes",Negative,0.8877397775650024
play_store,Son of Asgard,1,2025-09-08 18:03:35,"this app has been replaced by T life app and I have removed this app repeatedly and it keeps downloading its self and hoovering up , memory and ram. I have removed permissions and it continues to add permissions back within a 5 minute period this app still being around is a dangerous loop hole to be used to access our devices get rid of it it is a unnecessary app because all functions of this app are now done by a much better app T life . Remove this app from our phones and the app stores !!!",Negative,0.9047293663024902
play_store,M,1,2025-09-07 02:49:48,"hate it!! for kids, not adults",Negative,0.9343945384025574
play_store,Marcus,1,2025-09-06 11:28:11,"this app is retired, right? between the website, old app, and new app, they do a terrible job at getting you to the right place. and it looks like this is yet another app that won't completely uninstall? what's it going to take for your users to get through to you?",Negative,0.9323164820671082
play_store,Holly Graham (HALF-PINT),1,2025-09-05 01:21:09,they suck,Negative,0.8730269074440002
play_store,Eric Rosenberg,1,2025-09-04 14:53:07,"Now that this app is obsolete, how do we remove it from our phones? You make your app so it can't be deleted, then make it obsolete, but we can't get rid of it. The constant stupid decisions this company makes are astounding.",Negative,0.8939110636711121
play_store,Ishmael Smith,5,2025-09-04 14:15:25,good good service good business support T-Mobile,Positive,0.9573807120323181
play_store,J Wolf Kaufmann (Wolf),2,2025-09-03 14:56:37,I would never do a slow service to dan.,Negative,0.6362504363059998
play_store,Mary LaFollette,5,2025-09-03 12:18:26,Always great customer service,Positive,0.9421042203903198
play_store,Paris Marie Watkins,1,2025-09-02 08:17:51,the T-Mobile app should not be on my boost Mobile I did not put this app on my phone please take it off!!!!,Negative,0.8991663455963135
play_store,Ken Deen,1,2025-09-02 02:44:05,h8 it,Neutral,0.4436837434768677
play_store,Toni Mattheisen,1,2025-09-01 19:56:59,"T Mobile has nothing but lie and ended up ripping me off. I didn't save my chats with them, wished I did I was dumb trusting them.",Negative,0.9382448792457581
play_store,KenandKaren Root,5,2025-08-31 19:09:21,T-Mobile really delivers great phone. service AND great benefits! We had the big 2 back and forth for years and now know a fantastic service.,Positive,0.9830758571624756
play_store,Eric Engebretsen,5,2025-08-31 17:16:49,I created it,Neutral,0.6710402965545654
play_store,Dennis Barriner,4,2025-08-31 10:24:59,it's cool just a lil hard to do what u want on there but it's does it's job,Positive,0.4910169243812561
play_store,G. T.,4,2025-08-30 16:46:02,"Update 8/025. 25yr Tmobile custmer,my loyalty plan ^ to $45. their internt router shutout my older notebooks& now no easy ""ethernet only' option to save my braincells. Android system is rejigging my S10. Tired of figuring out howto turnoff android apps eating bandwidth% batt life. whose worse for this Google of Android? both complicit in volunteerly reconfiguring my phone and apps and privacy...lots of unsolicited changes.",Negative,0.8837643265724182
play_store,Michael Cruz,1,2025-08-29 13:18:32,not what I need,Negative,0.6722781658172607
play_store,Patricia DeHart,1,2025-08-27 19:52:40,"Ive been with tmobile 13 months and besides hating this android phone im stuck with, its been a total nitemare! I just wondering if I'll ever wake up from it! ive spent more time on the phone with tmobile than my friends & family. im not exaggerating one bit here! Everyone i know is so tired of hearing me say it hate this phone! My brother is the only person I care to talk to & hes coming home soon & I won't be needing a phone except to pay my bills maybe, & i can use a go phone for that!",Negative,0.7809076309204102
play_store,Moon Fox,1,2025-08-27 13:07:05,I don't even have t mobile and I wish I could delete this app as it's worthless to me. I bought a refurbished phone and want this gone. if I had a computer I would root my phone and delete this garbage as my carrier doesn't work off the t mobile network nor did the original carrier I bought this from.,Negative,0.9393919110298157
play_store,Robia Wagner,1,2025-08-27 04:16:53,"THE T-MOBILE APP IS MOVING TO T-LIFE To stay connected, download the new T-Life app and log in using your existing account. Once you have T-Life, feel free to delete this one. Its not letting me!",Neutral,0.7452459931373596
play_store,Frank Chopper,1,2025-08-26 21:43:08,"Never needed, used or wanted this app, Forced on me by mobile co.",Negative,0.7904844284057617
play_store,Rudy Arellano,5,2025-08-26 14:19:10,"great customer service, great deals",Positive,0.9701319932937622
play_store,jeff tanner. ‚ÄúJeff tann.‚Äù tanner,5,2025-08-26 13:07:05,"2 1/2 , years, great service. Getting ready today, new phone and update.",Positive,0.9693223834037781
play_store,bar bar,5,2025-08-25 15:57:55,awesome,Positive,0.8826644420623779
play_store,James,2,2025-08-24 15:13:51,Raising price constantly. Checking for better services.,Negative,0.6131398677825928
play_store,Tony V. Vu,5,2025-08-23 16:11:32,it's Apps reviews by T-Mobile retail store near by local residential company can actually use in built-in for a reality life for the people can pay bills through the in store retail purchase of an phone model.ü§ëüí°ü§îüß†üè¶üé•‚ôë,Neutral,0.7330045104026794
play_store,M B,1,2025-08-22 23:51:19,no longer works. New T Life not compatible with Tablet. Forced to install on phone but it sucks. Time to switch carriers.,Negative,0.923934280872345
play_store,Steve ‚Äúgunner‚Äù Toomey,1,2025-08-22 10:58:30,I want this rubbish off my phone,Negative,0.9234143495559692
play_store,Robert Miller,1,2025-08-22 03:47:25,This app sucks and i can't remove it.,Negative,0.9572200179100037
play_store,Arvon Swan,1,2025-08-21 19:13:41,you're spamming my phone was another people do,Negative,0.829198956489563
play_store,Debbie Smith-Behm,1,2025-08-20 08:21:27,so many problems but not once call back.,Negative,0.9168968796730042
play_store,Roger T,1,2025-08-19 21:17:49,keeps saying the app is closing,Negative,0.663743257522583
play_store,Israel Da Silva (ASET-TEM-HEKA-RA),1,2025-08-19 12:07:53,there's no reason for me to explain or write a review is just try T-Mobile actually that would be I'm not good advice so how about hey T-Mobile do better because you're such a disappointment,Negative,0.928449809551239
play_store,Regina Bennett,5,2025-08-15 17:35:17,Good Customer service üëç experience and quality very useful.,Positive,0.9740513563156128
play_store,alfonso highsmith,1,2025-08-14 19:54:28,"NOT GOOD, NEVER USE AGAIN.",Negative,0.9362058043479919
play_store,David F,1,2025-08-14 15:07:24,"I can't fully uninstall or disable the app, but only uninstall updates and revert to the original version on the phone. Please fix this T-Mobile! Are you seeing all the complaints? At the least you could make this abandoned app an empty shell, but you apparently forgot it! Update for experts: I used developer mode and Android ADB with a USB cable to remove com.tmobile.pr.mytmobile I suppose you could go to a store and ask them to do that but ridiculous you have to!!",Negative,0.8847664594650269
play_store,Timothy Bates,1,2025-08-14 04:03:19,"app is very buggy, keeps crashing. no luck in making certain changes. needs an update big time!",Negative,0.9521185159683228
play_store,Ephraim Santiago,1,2025-08-13 21:54:27,"I uninstalled the app but, can't delete it. I've gone into the Android System folders delete any lingering files and it's still on my phone. I have already installed T-Life. There should be an update to uninstall the old T-Mobile file.",Neutral,0.5697522163391113
play_store,J.S.,1,2025-08-13 20:41:15,this app has more crashes than a demolition derby. UPDATE: the terrible continues!,Negative,0.9583321213722229
play_store,Mohammed Mirinda,5,2025-08-13 12:32:20,waw,Neutral,0.5852219462394714
play_store,Vita Stokes,3,2025-08-12 14:39:22,keeps closing,Neutral,0.6596891283988953
play_store,Tracey Jones (Jasmine Red),1,2025-08-12 08:35:59,horrible service and staff,Negative,0.9164493083953857
play_store,clemence mapurazi,5,2025-08-12 08:13:17,tout simplement incroyable,Neutral,0.5956799983978271
play_store,Devin D Lonberger,1,2025-08-12 01:51:30,bad,Negative,0.43132513761520386
play_store,Rebecca Adams,1,2025-08-10 16:55:12,"I have really bad reception, it's horrible!!!!!!!",Negative,0.9537557363510132
play_store,Papi Dan,1,2025-08-10 04:26:54,How do you delete this app. ????,Negative,0.6893728375434875
play_store,Bree Herda,2,2025-08-09 19:54:09,lots of extra fees and hassel,Negative,0.6306609511375427
play_store,Lynn Waldron,5,2025-08-08 09:30:47,55400 Blair road was Nice service no problem whatsoever she was Nice and Understanding I Would Give Her a 10 Adriana,Positive,0.9514247179031372
play_store,Etanarvazac Revorix,1,2025-08-07 20:00:30,App was better as multiple separate apps. Now it's hard to find some things....,Negative,0.4932544529438019
play_store,Ted,5,2025-08-06 21:12:36,"Been with T-MOBILE for 5+ years, had the best coverage in the Emmett area. Frequently Verizon users ask to use my phone. Most important: If I have any questions or concerns about coverage or billing, I simply stop by their Emmett location, thnx T-MOBILE 5‚òÜs",Positive,0.9316118955612183
play_store,Marianne Smyth,1,2025-08-06 20:48:47,update not supported,Negative,0.8095877766609192
play_store,Dee MacMillan,3,2025-08-06 10:40:33,I have internet through T mobile and it is slow and I can't ever seem to be able to connect to the internet.,Negative,0.9222947955131531
play_store,Crystal Mora,5,2025-08-05 18:14:44,very convenient üëå,Positive,0.960648238658905
play_store,Fonkem Ray,3,2025-08-05 17:50:45,good,Positive,0.6512163281440735
play_store,Georgie Friends,5,2025-08-05 07:01:48,üôè,Positive,0.6511932611465454
play_store,Mistor Webman,1,2025-08-04 22:59:02,price gouging,Negative,0.6976985931396484
play_store,Rodney N Williams,5,2025-08-04 21:15:39,Outstanding is the word the word I would I would used.,Positive,0.8073921203613281
play_store,Andrew Brooks,5,2025-08-03 15:53:18,best üëåüèø,Positive,0.9494792222976685
play_store,Israel Gonzalez,2,2025-08-03 13:16:49,This is like If your house is on fire and you call your neighbor to help. Your neighbor comes over quickly and hands you a hose. But that hose is not attached to any water source. That's T-Mobile customer service. They answer quickly but nothing is resolved. Basically a friendly demeanor to tell you there's nothing they can do. Awful.,Negative,0.8393789529800415
play_store,Pamela Liberto,1,2025-08-03 09:14:18,I keep getting hacked and. o one will help me.,Negative,0.9201683402061462
play_store,April Froelicher,1,2025-08-02 22:27:13,this app was on this phone when i received the phone from air talk wireless. I don't use the app can't use the app but I am unable to uninstall this app I can't even disable the app. silly that it has to stay on my device when I don't want nor do I need the app,Negative,0.8612601161003113
play_store,Kadimi7,3,2025-08-02 14:24:46,very good,Positive,0.8884716629981995
play_store,River Swami,5,2025-08-01 05:43:21,"‚ö†Ô∏èGuys, this app was replaced by the T-Life app months ago! Stop using it, download the T-Life app, then delete this T-Mobile app to free up storage space on your device. You won't need it anymore. üôÑüì±",Negative,0.7967258095741272
play_store,Lea Hall (Nancy Hall),1,2025-07-30 15:07:11,I cannot remove this and I am not with t mobile,Negative,0.8608295321464539
play_store,Lorna Perrigo,1,2025-07-30 14:41:34,the worst thing is you all say that you have promotions and everything going for new customers you do nothing for the existing and your insurance company insurance or whatever they are they're Crooks and they're stupid they can't ever get it right like right now I have no idea if they even got my claim they keep hanging up,Negative,0.9084532260894775
play_store,GreenSteelChain,1,2025-07-27 22:59:35,"it's 2025, this app is obsolete and is refusing to be Uninstaller. why? especially when it takes over 334mb of storage space, when IT IS LITERALLY OBSOLETE.",Negative,0.9281995296478271
play_store,Geraldine,1,2025-07-27 08:50:14,freez stops,Neutral,0.621619462966919
play_store,Betty Kennison,5,2025-07-27 03:07:49,they say they do this n that... let's c it then ü•∫,Neutral,0.833096444606781
play_store,YIUG SOLO ‚ÄúSweet kellz36‚Äù Datt GAL KELLZ,1,2025-07-26 09:05:59,keep saying that the app is not working,Negative,0.7340913414955139
play_store,Miakay Zaccheo,3,2025-07-24 20:22:25,file sharing?,Neutral,0.8795663118362427
play_store,Christi Smith,1,2025-07-24 13:24:19,They have horrible customer service and are way more expensive than advertised. I closed my account in good standing and have been using Mint since 2023 and now suddenly I have a bad mark on my credit and them saying I owe $637. They also charged my boyfriend for a month of service he never got! T-Mobile is a scam. At least Mint is cheap if you get a year and they will never bug you about the bill.,Negative,0.9383851885795593
play_store,Joshua Mitchell,1,2025-07-21 23:30:18,"App is difficult to navigate, way too many things",Negative,0.8818249702453613
play_store,Michael Carpenter,2,2025-07-21 14:00:53,T-Mobile's coverage map is False Advertisement,Negative,0.8281259536743164
play_store,Carl Casto,1,2025-07-21 12:52:26,Stop popping up all the time.,Negative,0.7086915373802185
play_store,Carl Hughes,2,2025-07-19 10:22:28,"as a senior and a long term customer, our rate should be cheaper. also as well as insurance & other items that is being charged. new customer's should bare some of the new cost. also some reps are not very knowledgeable on androids, ok on apple.",Neutral,0.5998948216438293
play_store,Ed Blakeslee,1,2025-07-19 03:24:27,always breaking,Negative,0.5546517968177795
play_store,Mike Henry,5,2025-07-18 19:33:57,I left AT&T after over 20yrs and my bill has been about half of what it was,Negative,0.458901971578598
play_store,Joseph Hill,1,2025-07-18 07:57:47,sucks,Negative,0.6231091022491455
play_store,Shadae Edwards-Poinsette,1,2025-07-17 20:47:50,"not able to uninstall, even though it said once you have the T-Lite app you can delete this one",Neutral,0.49589842557907104
play_store,Phillis Boone,3,2025-07-17 15:46:58,"it's been hell on earth, but despite the misery, Tiffany, the supervisor, made it all worth it. She understood what I needed and gave me the phone I needed for my kid and his school work. I appreciate her.",Positive,0.7590007185935974
play_store,Sergio Gutierrez,5,2025-07-17 15:24:56,Great service,Positive,0.9076945185661316
play_store,Natascha de Beauvesier Watson,1,2025-07-17 08:18:43,"I still can't even access it and there is NO CUSTOMER SERVICE HELP in the app. They don't even care to call or give feedback. (09/03/2018) Update: ""T-Mobile keeps stopping"" notifications will pop up and disrupt everything despite notifications being BLOCKED! Developers...FIX THIS! It's not good to RAISE THE RATES WITHOUT RAISING THE QUALITY! (07/17/2025)",Negative,0.9271659255027771
play_store,Johann Matthews,5,2025-07-16 19:25:16,It's A Great App To Have.,Positive,0.9797089695930481
play_store,Rachel Johansen,5,2025-07-14 16:12:01,love the service and definitely my favorite carrier by far,Positive,0.9859262704849243
play_store,Lynn,2,2025-07-14 13:41:57,slow app... can't always navigate to where you want to,Negative,0.8745167851448059
play_store,Doreen Tongpalan Koli Koruan,5,2025-07-13 22:15:00,Already know that! STOP SENDING ME APP,Negative,0.8788378834724426
play_store,chucky j,1,2025-07-13 17:58:13,keep downloading apps and will not let me delete unwanted downloads,Negative,0.755991518497467
play_store,Kill All Humans,1,2025-07-13 05:51:47,"horrible service, a total pain",Negative,0.9364088773727417
play_store,Big Daddy,1,2025-07-12 23:42:24,"T-Mobile changes some settings, without my permission, also added their apps back after I deleted them, like within 10 minutes. That's pretty sketchy.",Negative,0.8779385685920715
play_store,phill walker,5,2025-07-12 17:45:53,So tyle,Neutral,0.7137664556503296
play_store,T. W. Johnson,1,2025-07-10 10:52:21,This app not working at all. Tmobile üëé,Negative,0.927089273929596
play_store,Palarit Photisuvan,5,2025-07-09 20:44:38,fast and easy-to-use,Positive,0.8773524165153503
play_store,John Berry,5,2025-07-09 15:04:31,Love this app! So very nice.,Positive,0.987899124622345
play_store,Jason Steinke,5,2025-07-08 14:32:13,"I like that my bill, usage, and features are accessible at almost anytime. I can even upgrade or see if better plans are available. Been a customer in AZ when they bought Voice Stream. So a very long time.",Positive,0.8972339630126953
play_store,DJ KULADE,5,2025-07-08 11:22:30,Amazing service and features.,Positive,0.9690586924552917
play_store,Brian Bulrice,5,2025-07-07 22:38:08,Always There for the Customer,Positive,0.5190315246582031
play_store,Point Of Observation,1,2025-07-07 19:53:28,"In your app description, this is the following: ""To stay connected, download the new T-Life app and log in using your existing account. Once you have T-Life, feel free to delete this one"". There's only one problem about this description it's a system app and it can't be deletedü´§.",Neutral,0.7111719250679016
play_store,Pam Huffman,5,2025-07-07 12:12:42,I love T life app thank you,Positive,0.9832700490951538
play_store,Mildred Roure,5,2025-07-06 13:00:30,Good work üëç,Positive,0.9560239315032959
play_store,jose vasquez,5,2025-07-06 09:37:09,Great to use,Positive,0.9640967845916748
play_store,Nat Davies,5,2025-07-05 21:04:59,users friendly,Positive,0.4864208698272705
play_store,D Moody,2,2025-07-05 11:52:00,T-Mobile app was frustrating in so many ways. Changing apps forced me to use more space on my android. It consumed more data.,Negative,0.9132570028305054
play_store,R Whatley,4,2025-07-04 17:08:01,üëçüèº,Positive,0.9244904518127441
play_store,Bui Viet quoc,5,2025-07-03 23:32:17,t·ªët h∆°n,Neutral,0.7502098679542542
play_store,Luis A. Camacho,5,2025-07-03 15:01:08,Need better discounts for loyal military customers that had been with T-Mobile for years. We should not only get the best offers but also be the first ones to know about it.,Positive,0.5903566479682922
play_store,anne Tefft,1,2025-07-03 00:23:57,I shouldn't have to allow third-party and advertising access to have T-Mobile,Negative,0.64313805103302
play_store,Shag Nasty,1,2025-07-02 18:15:40,"this app is filled with tellamarkaders!!!!!!!!!, one trap after another!!!!!!!!.",Negative,0.9388277530670166
play_store,Bobi Morris,5,2025-07-01 16:10:04,is really cool,Positive,0.9423667788505554
play_store,Chris Johnson,5,2025-07-01 12:31:42,great service,Positive,0.8881744742393494
play_store,Mary-Ellen Davis,2,2025-06-30 23:07:34,Frustrating,Negative,0.7200558185577393
play_store,charmaine belgrave,5,2025-06-30 19:18:23,The site is very easy to navigate.,Positive,0.9306329488754272
play_store,Joel Lacalle,5,2025-06-30 19:12:48,Great mobile phone and service!! Also home Wi-Fi is top notch!,Positive,0.9893776774406433
play_store,Jedidiah Hudson,5,2025-06-30 02:52:12,Amazing app!!,Positive,0.9790208339691162
play_store,Jeffrey Lamb,4,2025-06-29 23:21:50,good internet service,Positive,0.8859076499938965
play_store,Larry King,1,2025-06-29 03:49:27,This is not a T-Mobile app.? It's now app of the Past and T-Life has taken over. Plus I don't know how much longer I'll be with T-Mobile/T-Life phone service. Samsung was the only people who helped me get my old Sims and old device active. It's a 4g the other is an electronic mobile device that failed is a 5g A16 series and they are not good after they do an update or upgrade. Created a failure.,Negative,0.5678727030754089
play_store,James Espinoza,5,2025-06-27 16:15:05,Account T-Life incentives are outstanding!,Positive,0.9755115509033203
play_store,Don R,5,2025-06-27 16:11:50,good free stuff and deals. T-mobile rocks,Positive,0.97996586561203
play_store,Susan Harvey,5,2025-06-26 09:45:41,Monica was AWESOME. She helped me with everything. And didn't make me feel stupid. Give her an A+üòé,Positive,0.9745417833328247
play_store,Nicole Mead,1,2025-06-25 23:26:41,outdated but can't uninstall.,Negative,0.6860471367835999
play_store,Debs G.,1,2025-06-25 16:34:40,Please add option to uninstall this prior version of the app.,Neutral,0.7674180269241333
play_store,Julie Landry,5,2025-06-24 12:25:52,service everywhere,Neutral,0.5768234729766846
play_store,Sergio Mendoza,5,2025-06-23 18:27:35,love t mobile,Positive,0.8606855273246765
play_store,Vic Potts,5,2025-06-23 14:20:24,They have been good to me since 2014.,Positive,0.9523026943206787
play_store,William Hart,1,2025-06-23 11:32:25,"charges for service , then charges you again for the same thing",Neutral,0.5326399803161621
play_store,Joan Ogden,3,2025-06-23 09:42:48,not as good as the old system. fewer perks on Tuesdays,Negative,0.8492704629898071
play_store,Kevin ‚Äújuice‚Äù Mabone,5,2025-06-23 09:02:06,Great perks,Positive,0.9541661739349365
play_store,Margaret,1,2025-06-23 03:10:55,I'd give it -ZERO stars if possible. I don't know why it keeps automatically downloading onto my phone! I don't use T-Mobile and never have! Stay off my phone!,Negative,0.93129962682724
play_store,Kire Ai,1,2025-06-22 22:33:46,yey T-Mobile moves to T-Life. there's no option to uninstall. thanks so much for adding something useless that takes up space on my T-Mobile phone,Negative,0.886174738407135
play_store,the guy the name,1,2025-06-22 04:25:26,womt let you delete,Neutral,0.640907883644104
play_store,Carisa Acosta,1,2025-06-21 14:34:49,T moblie is no longer available .they transfer to T -Life,Neutral,0.5860951542854309
play_store,John Rael,2,2025-06-21 12:34:09,Poor store customer service. Saturday staff meetings instead of customer service,Negative,0.9440286159515381
play_store,Fernando,1,2025-06-21 09:53:37,sucks,Negative,0.6231091022491455
play_store,Carol Gavin,3,2025-06-19 23:10:41,Hello. I keep getting notifications that I temporarily lost phone service ? ?? This should never happen !!! Please fix bug and correct this issue ASAP Thanks.,Negative,0.9179080128669739
play_store,Ken B,1,2025-06-19 22:05:02,"It tells you that it's moving to ""T-Life"" and once you install it, you can uninstall T-Mobile. But you can't. It gives you the option of updating or opening. Not uninstalling.",Neutral,0.6016030311584473
