source,url,text,sentiment,score
reddit_post,https://i.redd.it/af2xs0ghyy1d1.jpeg,T-Mobile to raise the cost of older rate plans by $2-5 a month I work for TMOBILE as an RSM. This was in our call this morning,Neutral,0.7970790266990662
reddit_post,https://i.redd.it/en0bsxm8p6of1.jpeg,"T-Mobile Carrier Trade-In Deal for iPhone 17 Through Apple Hereâ€™s the Apple-side breakdown for those on Go5G Plus/Next and Experience More/Beyond plans:

$1100 Trade-In Tier (Go5G Next & Experience Beyond)  
	â€¢	All Pro/Pro Max models starting with iPhone 13 Pro and newer  

$800 Trade-In Tier (Go5G ",Neutral,0.8614194989204407
reddit_post,https://arstechnica.com/tech-policy/2022/07/t-mobile-to-pay-500m-for-one-of-the-largest-data-breaches-in-us-history/,T-Mobile to pay $500M for one of the largest data breaches in US history,Negative,0.8320197463035583
reddit_post,https://tmo.report/2025/10/t-mobile-ends-credit-card-autopay-loophole/,T-Mobile Ends Credit Card Autopay Loophole,Neutral,0.5203182101249695
reddit_post,https://twitter.com/JohnLegere/status/753673528981884928,T-Mobile announces PokÃ©mon Go exempt from data usage charges for 1 year.,Neutral,0.550416886806488
reddit_post,http://i.imgur.com/HI3vB6T.png,After seeing the tweet from T-Mobile's CEO about free Pokemon GO data reach the front page...,Neutral,0.8533116579055786
reddit_post,https://www.reddit.com/r/tmobile/comments/1ogxvyf/tmobile_is_at_it_again/,"T-Mobile is at it Again When T-Mobile changed things so we could no longer use a credit card to get the autopay discount, a rep suggested a work around.  I put a debit card on file, but paid my bill early with my credit card because paying with the credit card gave me free damage insurance on my pho",Negative,0.5956395864486694
reddit_post,https://bsky.app/profile/thedesk.net/post/3ltkfrzm76k24,T-Mobile tells the FCC it will end its DEI policies and stop hiring or employing people focused on diversity and inclusiveness initiatives,Neutral,0.6550626158714294
reddit_post,https://arstechnica.com/tech-policy/2024/07/lawsuit-t-mobile-must-pay-for-breaking-lifetime-price-guarantee/,Lawsuit: T-Mobile must pay for breaking lifetime price guarantee Would this be even possible? I heard that my aunt still have the same price as she was with this company already for almost 10+ years.,Negative,0.7952340245246887
reddit_post,https://twitter.com/DanGraziano/status/664167069362057217,"T-Mobile announces Netflix, HBO Go, Sling TV, ShowTime, Hulu, ESPN and other services will no longer count against plans' data usage - @DanGraziano",Neutral,0.8777076005935669
reddit_post,https://www.theverge.com/2022/1/29/22908070/t-mobile-fire-unvaccinated-corporate-employees-covid-19-vaccine,T-Mobile will reportedly fire corporate employees who arenâ€™t fully vaccinated by April 2nd,Negative,0.6431158781051636
reddit_post,https://www.reddit.com/r/tmobile/comments/1mdfrvw/megathread_tmobile_automatically_upgrading/,"MEGATHREAD T-Mobile automatically upgrading customs from Magenta MaxPlans to Go5G Plus *Everyone please forgive me as I just got back from the doctors office so I am trying to catch up as much as I can and I will continue to update this post as we learn more!*

So far it appears customers that are o",Neutral,0.7410298585891724
reddit_post,https://i.redd.it/8061fka6kko71.jpg,Verizon > T-mobile,Neutral,0.8504862785339355
reddit_post,https://www.reddit.com/r/tmobile/comments/1i24k07/t_mobile_wont_cancel_my_dead_daughters_account/,T Mobile wonâ€™t cancel my dead daughterâ€™s account My 17 yo daughter died last month. I have her phone and the code to get into it. I called 611  it I donâ€™t have the 6 digit PIN number. and they told me to go into a store. At the store they told me to call 611. I tried to verify with a temporary pin a,Negative,0.8258253335952759
reddit_post,https://tmo.report/2025/03/t-mobile-is-giving-out-a-completely-free-line-for-the-first-time-in-years/,T-Mobile Is Giving Out A Completely Free Line For The First Time In Years,Neutral,0.669277548789978
reddit_post,https://www.reddit.com/r/personalfinance/comments/p3g1ou/tmobile_gave_me_a_watch_for_free_but_now_is/,"T-Mobile gave me a watch for ""free"" but now is charging me monthly. What can I do? So about 2 months ago, I called T-Mobile support because I have so many issues with my connection. At the end of the call, the customer service agent says that because I'm a loyal customer (been with them maybe almost",Negative,0.49225205183029175
reddit_post,https://tmo.report/2025/10/exclusive-t-mobile-to-begin-lte-phase-out/,Exclusive: T-Mobile To Begin LTE Phase-Out,Neutral,0.7750727534294128
reddit_post,https://www.t-mobile.com/news/devices/iphone-17-apple-watch-release,"iPhone 17 Deals on T-Mobile Here are the offers when you buy an iPhone 17 directly from T-Mobile:

iPhone 17 Pro on Us (or up to $1100 off any iPhone 17 model) when trading in an eligible device â€” in any condition! â€” on Experience Beyond or for existing customers on Go5G Next

iPhone 17 on Us (or $8",Neutral,0.5854620337486267
reddit_post,https://www.reddit.com/r/tmobile/comments/1n1i475/tmobile_money_messed_up_and_then_some/,T-Mobile Money messed up and then some They've been saying for a few weeks now that today was the day we all have to switch to the horrendous T-Life app for our banking needs and we also had to register a new card and also deal with a new account number....and none of it works. None of it. No access,Negative,0.9019312262535095
reddit_post,https://i.redd.it/e495tzwrmcyd1.png,"Never Leaving TMobile A lot of hate on here lately, so just want to  give a shout out to T-Mobile. I have 9 lines on Go5G plus for $63. Plus free Netflix, Hulu, and Apple tv. Where else can you get a value like that? Curious to see what deals others have!",Positive,0.7509446144104004
reddit_post,http://bgr.com/2013/12/20/t-mobile-uncarrier-4-rumor,T-Mobileâ€™s next move could be devastating for AT&T and Verizon: Paying off subscribersâ€™ early termination fees if they switch from a rival carrier.,Negative,0.7291218638420105
reddit_post,https://tmo.report/2025/03/t-mobile-ends-wingstop-free-chicken-tenders-offer-early-angering-customers/,"T-Mobile Ends Wingstop Free Chicken Tenders Offer Early, Angering Customers",Neutral,0.6188312768936157
reddit_post,https://tmo.report/2023/10/breaking-t-mobile-will-force-customers-onto-newer-plans-unless-you-opt-out/,Breaking: T-Mobile Will Force Customers Onto Newer Plans Unless You Opt-Out,Neutral,0.7876337170600891
reddit_post,https://i.redd.it/616ie4yecygb1.jpg,Trying to switch to a cheaper plan on T-Mobile. This is all I'm allowed to see. No changing allowed. Better plans for my situation exist. I've verified this by logging out of my account and looking at plans available to sign up for. I even counted up the taxes and fees to be sure. But if I'm logged ,Neutral,0.6025938391685486
reddit_post,https://i.redd.it/vntk3hb0wayf1.jpeg,"Why I will never leave T-Mobile u/LowkeyHermes
There you go Hermes cause I'm just trolling rightðŸ˜‚... And many more here have a much better deal and lower monthly bill.",Positive,0.4295225441455841
reddit_post,https://www.androidpolice.com/hackers-claim-stolen-64-million-t-mobile-customer-details/,Hackers claim to have secured the details of 64 million T-Mobile customers,Neutral,0.6535192131996155
reddit_post,https://tmo.report/2025/09/t-mobile-is-getting-a-new-ceo/,T-Mobile Is Getting A New CEO,Neutral,0.7755385637283325
reddit_post,https://www.reddit.com/r/verizon/comments/1ofih2u/i_just_walked_out_of_the_tmobile_store_after/,"I just walked out of the TMobile Store after leaving Verizon after 7 years. No more shitty home Internet that hasnâ€™t really ever worked after three years of trying.

No more foreign call centers that have no idea what Iâ€™m talking about, and I have no idea what theyâ€™re trying to tell me.

No more one",Negative,0.8653007745742798
reddit_post,https://tmo.report/2025/03/confirmed-customers-on-older-t-mobile-plans-are-getting-a-price-increase/,Confirmed: Customers On Older T-Mobile Plans Are Getting A Price Increase,Neutral,0.8117135167121887
reddit_post,https://v.redd.it/s9wkpxbx256f1,"â€œWe wonâ€™t raise the price of their rate plans.â€ â€” T-Mobile CEOâ€™s Promise to Customers Hereâ€™s a clip from the T-Mobile Q2 2022 earnings call where CEO Mike Sievert made this clear statement:


**â€œOthers in the industry notified their customers that their already overpriced bills are going up when the",Neutral,0.8434945940971375
reddit_post,https://arstechnica.com/tech-policy/2021/08/t-mobile-apparently-lied-to-government-to-get-sprint-merger-approval-ruling-says/,"T-Mobile apparently lied to government to get Sprint merger approval, ruling says | Ars Technica",Negative,0.5533786416053772
reddit_post,https://i.redd.it/6x7qfzrrh7zf1.jpeg,"T-Mobile x Capital One Visa Deets Was checking out this weekâ€™s freebies, when this caught my eye. Went back to try to click on the disclosure link, but the tile disappeared lol",Neutral,0.682093620300293
reddit_post,https://i.redd.it/4zd12pqxxmef1.jpeg,T-Mobile trolling AT&T and Verizon on their new T-Satellite page that launched today! https://www.t-mobile.com/coverage/satellite-phone-service,Neutral,0.5816331505775452
reddit_post,https://tmo.report/2025/06/t-mobile-is-discontinuing-all-of-their-tax-inclusive-plans-except-one/,T-Mobile Is Discontinuing All Of Their Tax-Inclusive Plans Except One,Negative,0.5231233835220337
reddit_post,http://www.engadget.com/2014/01/22/t-mobile-mobile-money-prepaid-visa-free-checking/,"T-Mobile attacks banking and check-cashing industries: Free prepaid Visas, free check cashing, free direct deposit, free bill pay, and free ATM withdrawals, without a bank",Neutral,0.5453123450279236
reddit_post,https://www.reddit.com/r/tmobile/comments/1jo8y15/tmobiles_starlink_satellite_texting_is_a_total/,"T-Mobileâ€™s Starlink Satellite Texting Is a Total Letdown So, I took my family on an epic spring break tripâ€”Vegas, Grand Canyon, Death Valley, Red Rock Canyon, and Valley of Fire. Tons of these spots have zero cell coverage, so I figured itâ€™d be the perfect chance to test out T-Mobileâ€™s Starlink beta",Negative,0.5323924422264099
reddit_post,https://tmo.report/2025/03/your-t-mobile-bill-might-be-going-up-on-thursday/,Your T-Mobile Bill Might Be Going Up On Thursday,Neutral,0.8682193160057068
reddit_post,https://i.redd.it/jjgal6t4bccf1.jpeg,Tmobile data breach settlement Surprised to get this. I guess ill be using this to pay my next bill lol damn you Tmo!,Negative,0.9092423319816589
reddit_post,https://tmo.report/2025/02/t-mobile-turns-store-employees-into-glorified-app-support-with-latest-t-life-requirement/,T-Mobile Turns Store Employees Into Glorified App Support With Latest T-Life Requirement,Neutral,0.6005439162254333
reddit_post,http://www.dslreports.com/shownews/TMobile-CEO-Demands-End-to-Despicable-Practice-of-Overages-133408,"T-Mobile CEO Demands End to 'Despicable' Practice of Overages: ""The carriers dirty little secret about overages is that they slam you for using your device exactly like youâ€™re supposed to, and these penalties often hit the people who can least afford them,"" argues Legere",Negative,0.7274023294448853
reddit_post,https://tmo.report/2025/02/t-mobile-ceo-implies-more-price-increases-are-coming-for-existing-customers/,T-Mobile CEO Implies More Price Increases Are Coming For Existing Customers,Neutral,0.8879873752593994
reddit_post,http://www.reuters.com/article/us-sprint-corp-m-a-t-mobile-us/t-mobile-agrees-to-acquire-sprint-idUSKBN1I00PH,T-Mobile agrees to acquire Sprint,Neutral,0.8497262597084045
reddit_post,https://tmo.report/2025/06/t-mobile-might-be-switching-to-36-month-installments/,"T-Mobile Might Be Switching To 36-Month Installments According to the article: T-Mobile is likely shifting to 36-month installment plans for selected devices, aiming to keep customers longer and reduce churn. The longer term would lower monthly payments, but also means users stay tied to the carrier",Neutral,0.9038559198379517
reddit_post,https://v.redd.it/i7hnmkfvisue1,"T-Mobile CEO: â€œWe Wonâ€™t Raise Their Price for Talk, Text, and Data.â€ (Q1 2023) Hereâ€™s a clip from T-Mobileâ€™s Q1 earnings call, where CEO Mike Sievert said:
â€œWhile theyâ€™re subjected to relentless pricing changes and catches, we continue to make it easier for customers to come to T-Mobile and switch t",Neutral,0.8077056407928467
reddit_post,https://tmo.report/2024/06/t-mobile-will-soon-prevent-early-payoff-of-phones-receiving-bill-credits/,T-Mobile Will Soon Prevent Early Payoff Of Phones Receiving Bill Credits,Negative,0.4931768476963043
reddit_post,https://i.redd.it/4zmb4d1hw6ud1.jpeg,"T-Mobile Tuesday Winner I was contacted about a month after the drawing, and was linked some documentation to fill out for eligibility purposes and taxes. Prizes arrived shortly after plus a check to help with the taxes! Used up my luck for a while, but well worth it

Shout out to the T-Mobile Tuesd",Positive,0.941418468952179
reddit_post,https://arstechnica.com/tech-policy/2023/10/t-mobile-switches-users-to-pricier-plans-and-tells-them-its-not-a-price-hike/,T-Mobile switches users to pricier plans and tells them itâ€™s not a price hike,Neutral,0.508338212966919
reddit_post,https://i.redd.it/9gc8ibb1vxqe1.jpeg,Wingstop promo was a scam! Since when are T-Mobile Tuesdays offers 'limited quantity'?,Negative,0.9107255339622498
reddit_post,https://i.redd.it/vkt7jm6ge7ie1.jpeg,"T-Mobile / Starlink beta open to anyone with any carrier until July Of course itâ€™s only going to be included on Go5G Next, surprise, surprise.",Neutral,0.6413694024085999
reddit_post,https://www.reddit.com/gallery/1n73r4z,"T-Mobile Accessed My Personal Cell Phone After Weight Loss Post, Letters to Mike Katz and More! A little context before we get to the headline

My colleagues and I reported sales fraud and misconduct by our Senior Manager and two colleagues. We all worked for the Mid-Market Segment within T-Mobile f",Neutral,0.5869636535644531
reddit_comment,https://reddit.com/r/tmobile/comments/1orw24k/lost_free_line/nnutupz/,"I dont think youâ€™re understanding what im trying to say. But ive worked at Sprint, T-Mobile, and Verizon so im not dumb to how mobile works. Especially on the inside of the companies.",Neutral,0.6546741724014282
reddit_comment,https://reddit.com/r/tmobile/comments/1orw24k/lost_free_line/nnutn2o/,There is no need to have put the SIM card into the phone to keep the line â€œactivatedâ€. T-Mobile doesnâ€™t have such thing called auto cancel,Negative,0.5615766048431396
reddit_comment,https://reddit.com/r/tmobile/comments/1daofj4/sis_sams_club_employee_rant/nnutjyg/,"We have a manager here that came over and talked really nasty to two of my coworkers. Ever since then, she hasnâ€™t said a word. We have new management now from when i made my original post. Things have gotten better for sure. i also donâ€™t think that is legally allowed. taking pictures of someone with",Negative,0.7400320768356323
reddit_comment,https://reddit.com/r/tmobile/comments/1orzud7/tmobile_esim_bites/nnutgm7/,"In that case iMessage/app chat/t force (I'd avoid 611 bc it's less likely to get errors when saying and hearing long ass numbers) and say ""I'd like to move line ending in 5555 to physical sim /esim with IMEI blah blah"". The whole chat shouldn't take longer than 30 mins.",Negative,0.688998818397522
reddit_comment,https://reddit.com/r/tmobile/comments/1os0lmh/any_early_insight_into_black_friday_deals/nnutes4/,"I think this is the bump.  If I remember correctly this is the same deal that was out during iPhone launch.  I was going to jump on those $1000 for Beyond, $830 for More and I forget what Essentials was.  If I'm not mistaken, it then went to $830 for Beyond and now the $1000 is back.",Neutral,0.8276693820953369
reddit_comment,https://reddit.com/r/tmobile/comments/1daofj4/sis_sams_club_employee_rant/nnutbi4/,The Samâ€™s club employees. Weâ€™re pretty cool with everyone here itâ€™s just the miserable Samâ€™s club managers that keep on doing this. I will say my Samâ€™s in particular has to have horrible management because the amount of new faces we see on a regular basis is insane.,Negative,0.8619619011878967
reddit_comment,https://reddit.com/r/tmobile/comments/1daofj4/sis_sams_club_employee_rant/nnusrob/,oh my god. really? the samâ€™s club employees or the t-mobile employees?,Negative,0.6659315228462219
reddit_comment,https://reddit.com/r/tmobile/comments/1daofj4/sis_sams_club_employee_rant/nnuskbp/,"The Samâ€™s club I work at as a Tmobile employee is ridiculousâ€¦ theyâ€™re constantly spying on us, taking pictures and have even tried getting us in trouble with corporateâ€¦ I just feel like Iâ€™m being harassed at this point and Iâ€™m debating whether I can wait to get moved Iâ€™m on the verge of quitting the",Negative,0.9322718381881714
reddit_comment,https://reddit.com/r/tmobile/comments/1os1xi4/iphone_upgrade_at_apple/nnusk8s/,"If your old phone was purchased from Apple (not T-Mobile) even if it was financed through T-Mobile, you can trade it in or keep it and trade in any working iPhone 13 or higher. 

Apple does not care if you have a balance on it. T-Mobile will continue to give you monthly credits as long as you are a ",Neutral,0.8215875029563904
reddit_comment,https://reddit.com/r/tmobile/comments/1ojpksm/receiving_a_this_line_is_not_eligible_for_media/nnusig2/,Did you get this fixed? Having the exact same issue.,Neutral,0.5379623770713806
reddit_comment,https://reddit.com/r/tmobile/comments/1oqiutz/20_off_per_month1_year/nnus4nd/,We keep track of your credits in comparison to payments and check each time you ask for a credit. If you do this regularly you will lose the ability to get credits when you *actually* want them for a real issue. Good luck.,Neutral,0.6558722853660583
reddit_comment,https://reddit.com/r/tmobile/comments/1ncr7zo/tmobile_carrier_tradein_deal_for_iphone_17/nnurou9/,Old thread but looking for some inputs here. Do I need to trade in the device at the time of pickup for the offer to apply? Apple store is telling me that they cannot allow deferred trade in for carrier financing phones.,Neutral,0.7054850459098816
reddit_comment,https://reddit.com/r/tmobile/comments/1ol45lc/the_tmobile_credit_card_is_here_almost/nnuqt9t/,Thanks. I appreciate the info.,Positive,0.9076328873634338
reddit_comment,https://reddit.com/r/tmobile/comments/1oruzn7/tmobile_vs_costco_tmobile_financing_eli5/nnuqj9h/,"Thanks for all the info!  Are the gift cards good for all plans of $100+ or just the beyond?  Also, are the insider codes good on all plans?  Kind of hard to understand the gift cards since it says Beyond or equiv., but the fine print says $100+ plans.

Thinking I might just go with More or Essentia",Neutral,0.5233963131904602
reddit_comment,https://reddit.com/r/tmobile/comments/1gejw5r/current_trade_in_value_for_yearly_upgrade_through/nnupmnx/,"T-Mobile has replaced its ""Forever Upgrade"" program with the ""Yearly Upgrade"" program for customers who were enrolled.",Neutral,0.9143308401107788
reddit_comment,https://reddit.com/r/tmobile/comments/1oruzn7/tmobile_vs_costco_tmobile_financing_eli5/nnuphq7/,"OK, thanks.  So I guess the $3600 limit is everywhere and the rep at the store failed to tell me about it.(?)",Neutral,0.6222298741340637
reddit_comment,https://reddit.com/r/tmobile/comments/1ort43o/now_anyone_can_text_911_via_tmobiles_satellites/nnupfdx/,"This was already posted two days ago by jman 

https://www.reddit.com/r/tmobile/s/4OBCn6CzAY",Neutral,0.913223385810852
reddit_comment,https://reddit.com/r/tmobile/comments/1ol45lc/the_tmobile_credit_card_is_here_almost/nnuo8ew/,"Max of $1k, $50 deductible, 2 incidents per 12 month cycle. Doesn't cover lost or theft. But it's also free and a rare benefit for a debit card.

If you think your 6 lines will incur more than $1k in repair costs and more than 2 claims per year, then you'll probably want additional insurance.",Neutral,0.5804926156997681
reddit_comment,https://reddit.com/r/tmobile/comments/1orzud7/tmobile_esim_bites/nnunbbl/,"Yup tried that. Got thes same ""Call T-Mobile"" problem. And this was when originating the transfer on the Pixel 10 that currently has the eSim.",Negative,0.6842167377471924
reddit_comment,https://reddit.com/r/tmobile/comments/1omp50z/simple_choice_na_autopay_discount/nnun4sq/,"Nope, you lucked out with Simple Choice",Neutral,0.5191360116004944
reddit_comment,https://reddit.com/r/tmobile/comments/1os3v3x/commission_on_new_tmobile_credit_card/nnum0tf/,"Depending on what it is I'll quickly open up my job applications to banks. If I'm gonna sell credit cards, I may as well do it in a slightly-less dead end job environment.",Neutral,0.7676575779914856
reddit_comment,https://reddit.com/r/tmobile/comments/1os3v3x/commission_on_new_tmobile_credit_card/nnuk639/,Can't wait until they do. Just got moved to VR. More metric = more money.,Positive,0.9401912093162537
reddit_comment,https://reddit.com/r/tmobile/comments/1os3v3x/commission_on_new_tmobile_credit_card/nnuk5li/,I doubt they will give commissions for sign ups. They pulling out all the stops on share holder value now.,Negative,0.5877030491828918
reddit_comment,https://reddit.com/r/tmobile/comments/1os3v3x/commission_on_new_tmobile_credit_card/nnujopb/,Not yet so far,Neutral,0.8564363121986389
reddit_comment,https://reddit.com/r/tmobile/comments/1os1xi4/iphone_upgrade_at_apple/nnujmjz/,"You can trade it in with Apple. But no, the remaining balance wouldnâ€™t get cancelled. You still have to pay the rest of it off. If you have promo credits on it they should still continue.",Neutral,0.7877515554428101
reddit_comment,https://reddit.com/r/tmobile/comments/1orzfij/go5g_user_who_signed_up_for_hulu_on_us_almost_a/nnuj7ga/,"I was sent a promo code for six months of free Hulu, and then once that expired I had an option to add it back on from my T-Life app. 

611 should also be able to help add it and send a text.",Neutral,0.7820892333984375
reddit_comment,https://reddit.com/r/tmobile/comments/14dfd2e/free_wifi_for_laptops_on_planes/nnuhw3t/,You rock. Whoever found this route worked!,Positive,0.9761855006217957
reddit_comment,https://reddit.com/r/tmobile/comments/1ordog6/tmobile_5g_uc_problems/nnuhn8b/,"What does Field Test Mode show?   (*3001#12345). 
Same as Gateway?",Neutral,0.9613264799118042
reddit_comment,https://reddit.com/r/tmobile/comments/1or7n9m/tmobile_is_handing_out_free_flagship_phones_for/nnugb1p/,"Simple Choice, a legacy plan(s).",Neutral,0.8025663495063782
reddit_comment,https://reddit.com/r/tmobile/comments/1ol45lc/the_tmobile_credit_card_is_here_almost/nnufijx/,"Is $600 per incident, $1000 max every 12 month per line, or per account? Ie I have 6 lines will I only be covered total of max 1k or max of 6k?",Neutral,0.8872588872909546
reddit_comment,https://reddit.com/r/tmobile/comments/1orw24k/lost_free_line/nnuesmo/,You have to install the ESIM in the phone which communicates with the network. Or you can INSTALL the regular sim in the phone and let it communicate. EITHER way you look at it activation is needed. Otherwise the line will auto cancel. A good indicator youve done that would be receiving the welcome ,Neutral,0.8781630992889404
reddit_comment,https://reddit.com/r/tmobile/comments/1orw24k/lost_free_line/nnuecjj/,"T-Mobile doesnâ€™t need to put simcard in a phone to activate the line. If it is activated with eSIM, you donâ€™t need to have any usage to make it activated",Neutral,0.8338471055030823
reddit_comment,https://reddit.com/r/tmobile/comments/1ort43o/now_anyone_can_text_911_via_tmobiles_satellites/nnudloz/,"It said my phone wasn't capable, but it didn't say why. I did see someone in another thread mention that it creates an eSim profile, so it's probably because my phone doesn't support eSim.",Negative,0.7960086464881897
reddit_comment,https://reddit.com/r/tmobile/comments/1oo3i44/tmobile_tuesday_discussion_for_november_04_2025/nnud6ym/,"I'm putting together a thematic collage for my wife's birthday and am going to just try it. If it turns out badly with Easy Canvas, I will go back to Walmart. For Christmas 2023, I bought a 16x20 and 11x14, and they were ready the same day for $65.",Neutral,0.5475446581840515
reddit_comment,https://reddit.com/r/tmobile/comments/1oqjf1m/wanted_to_switch_to_tmobile_today_almost_did_but/nnud0px/,"T-Mobile is super expensive, I left and went to Spectrum Mobile. Probably the best move I ever did.",Positive,0.5465325117111206
reddit_comment,https://reddit.com/r/tmobile/comments/1os0qsr/iphone_17_promotions_current_tmobile_customer/nnucpog/,Black Friday deals usually just revolves around watches tablets and internet sign on.  Occasionally they will have port in rebates for new customers,Neutral,0.7990441918373108
reddit_comment,https://reddit.com/r/tmobile/comments/1o7vjmh/simple_choice_830_trade_in_promo_now_active_ymmv/nnuboav/,Do we need to add a new line for this offer to work?,Neutral,0.9254164695739746
reddit_comment,https://reddit.com/r/tmobile/comments/1os1xi4/iphone_upgrade_at_apple/nnubhlw/,you can upgrade at apple but you will have to pay the full amount after trade in. definitely can't finance thru t-mobile or apple card installments since it most likely trigger upgrade in t-mobile systems,Neutral,0.5080081224441528
reddit_comment,https://reddit.com/r/tmobile/comments/1os0lmh/any_early_insight_into_black_friday_deals/nnuaz8w/,All deals are out.,Neutral,0.8770257234573364
reddit_comment,https://reddit.com/r/tmobile/comments/1e2j6vl/got_a_debt_in_mail_about_my_unpaid_phone_bill/nnuatvi/,"Not sure if this threat is currently active but does anyone know what the best course of action would be if you still have the phone that you owe money on? Would it do anything positive for the debt I owe since I still have it and was unable to return it in time?

I already tried disputing with Equi",Negative,0.6983721256256104
reddit_comment,https://reddit.com/r/tmobile/comments/1oqy6ku/check_your_bill_if_you_opened_a_free_line_last/nnuaevd/,"Ah, good to know.",Positive,0.8768236637115479
reddit_comment,https://reddit.com/r/tmobile/comments/1ordog6/tmobile_5g_uc_problems/nnu9o8x/,Call T- Mobile customer service and have them put in a network ticket for your address and they will have engineering work the ticket.,Neutral,0.8949325084686279
reddit_comment,https://reddit.com/r/tmobile/comments/1ordog6/tmobile_5g_uc_problems/nnu9ic4/,already tried didnt work at all,Negative,0.7293919324874878
reddit_comment,https://reddit.com/r/tmobile/comments/1ordog6/tmobile_5g_uc_problems/nnu9f38/,iphone 15,Neutral,0.5592221021652222
reddit_comment,https://reddit.com/r/tmobile/comments/1os0yog/old_simple_choice_free_tablet_line_how_much_data/nnu9ewm/,Data Stash. One of my data lines (Simple Choice) still has that on it. 6GB line. 20GB in Data Stash at the moment.,Neutral,0.8618488907814026
reddit_comment,https://reddit.com/r/tmobile/comments/1os0qsr/iphone_17_promotions_current_tmobile_customer/nnu99sm/,Go on the T-Life app. It'll pair you with what you qualify automatically.,Neutral,0.8901081681251526
reddit_comment,https://reddit.com/r/tmobile/comments/1orw24k/lost_free_line/nnu7ogq/,You have to put in a phone and activate it before storing it in a drawer,Neutral,0.9141795039176941
reddit_comment,https://reddit.com/r/tmobile/comments/1orw24k/lost_free_line/nnu7k35/,Yep,Positive,0.47161582112312317
reddit_comment,https://reddit.com/r/tmobile/comments/1orw24k/lost_free_line/nnu7f75/,The SIM or ESIM would need to communicate with the network atleast once. Unless the activation is forced through. Thats how it worked at Verizon when I worked there in customer support,Neutral,0.815116286277771
reddit_comment,https://reddit.com/r/tmobile/comments/1oryron/getting_ripped_off_by_tmobile/nnu64i1/,"No store should charge you something then tell YOU to call customer care to credit it back. At a store we HATE when customers tell us that Care told them we'll do this or that. Big L on the store for setting you up for failure like that man.Â 


Store can waive/credit activation fees if they WANT to,",Negative,0.8925600647926331
reddit_comment,https://reddit.com/r/tmobile/comments/1os1xi4/iphone_upgrade_at_apple/nnu5jpz/,"I have kept paying on a device that I traded in at Apple. Seems as long as you keep making the payment TMO doesnâ€™t care. This was about a year ago.

If you were trading it with TMO then you would have to pay the balance first.",Negative,0.7063214182853699
reddit_comment,https://reddit.com/r/tmobile/comments/1dvladj/how_is_it_working_at_tmobile/nnu5c28/,"Yeah. Freecash won't cover everything, but it's clutch for filling the gaps while you job hunt.",Neutral,0.4709983170032501
reddit_comment,https://reddit.com/r/tmobile/comments/1os1xi4/iphone_upgrade_at_apple/nnu4fua/,"You will have to pay remaining balance, i mean who you think will cover remaining $500v",Neutral,0.9039908051490784
reddit_comment,https://reddit.com/r/tmobile/comments/1os0qsr/iphone_17_promotions_current_tmobile_customer/nnu4etk/,Good luck.,Positive,0.8963212966918945
reddit_comment,https://reddit.com/r/tmobile/comments/1or7n9m/tmobile_is_handing_out_free_flagship_phones_for/nnu47nv/,What was the iPhone Forever add in?,Neutral,0.8656378388404846
reddit_comment,https://reddit.com/r/tmobile/comments/1or7n9m/tmobile_is_handing_out_free_flagship_phones_for/nnu4526/,"Everyone keeps referring to SC, what is SC?",Neutral,0.8654905557632446
reddit_comment,https://reddit.com/r/tmobile/comments/1os0yog/old_simple_choice_free_tablet_line_how_much_data/nnu3sjk/,"Well, Iâ€™ll keep going and see how long it works I guess!",Neutral,0.6084389686584473
reddit_comment,https://reddit.com/r/tmobile/comments/1os0lmh/any_early_insight_into_black_friday_deals/nnu3biw/,"The deals that started on 11/6 are being promoted as our ""Holiday deals"". ðŸ¤·",Neutral,0.8661002516746521
reddit_comment,https://reddit.com/r/tmobile/comments/1oruzn7/tmobile_vs_costco_tmobile_financing_eli5/nnu2n64/,Store and Costco is the same thing. At least at Costco youâ€™ll get gift cards.,Neutral,0.7550490498542786
reddit_comment,https://reddit.com/r/tmobile/comments/1oo3i44/tmobile_tuesday_discussion_for_november_04_2025/nnu2gji/,Tried 3 different pizza huts near me and all said they donâ€™t honor that coupon.,Negative,0.7039499282836914
reddit_comment,https://reddit.com/r/tmobile/comments/1orq915/wth_is_this/nnu1tvv/,Found this in 5 seconds online. [What is club magenta pass](https://www.t-mobile.com/support/new-to-tmobile/club-magenta-pass),Neutral,0.8316146731376648
reddit_comment,https://reddit.com/r/tmobile/comments/1orzud7/tmobile_esim_bites/nnu1sg8/,"Yeah, OK, sure.

I have a physical sim from another phone, T-Mobile. It happily transfers to the Fold3. There's only one eSim dialog on the Fold3, and none of the three options (transfer eSim, look for eSim, use QR code) works. The Pixel with the eSim is right next to it, and the eSim is unlocked. B",Positive,0.5906084179878235
reddit_comment,https://reddit.com/r/tmobile/comments/1os0lmh/any_early_insight_into_black_friday_deals/nnu1egg/,No one is going to know. It might not even be Black Friday. Last year they did it for about a week in early December.,Neutral,0.5333110094070435
reddit_comment,https://reddit.com/r/tmobile/comments/1oqgplj/employees_with_the_new_credit_card_are_we_getting/nnu0q5d/,I know Iâ€™m going to get down voted but if someone gets in and buys accessories or opens new lines Iâ€™m getting paid . Why should I care about some silly spiff if they sign up,Neutral,0.48440879583358765
reddit_comment,https://reddit.com/r/tmobile/comments/1or7px9/anybodys_cellspot_v2_femtocell_still_working/nnu0pit/,"Thanks for the response!  I did try that, twice I think, but it just sat and blinked all night.  Possibly it's a consequence of our living in an area that has 1 bar (\~ -119 dBm) of tower signal, so it never ever downloaded new firmware.  Moot at this point as I sent it back for the $25 credit.  Tha",Neutral,0.5935347080230713
reddit_comment,https://reddit.com/r/tmobile/comments/1oqy6ku/check_your_bill_if_you_opened_a_free_line_last/nntyeop/,"There's no customer facing options to add the two gigs, but support can and has recently for others.",Neutral,0.6510029435157776
reddit_comment,https://reddit.com/r/tmobile/comments/1orzud7/tmobile_esim_bites/nnty4d5/,OnePlus 15 in 5 days.,Positive,0.5297018885612488
reddit_comment,https://reddit.com/r/tmobile/comments/1or7px9/anybodys_cellspot_v2_femtocell_still_working/nnty23h/,"I had that issue about a month ago I did 30 second press on the tiny button on the back and reset it, it took about 2 hours to download software then booted up. You might still be ok",Neutral,0.6355240345001221
reddit_comment,https://reddit.com/r/tmobile/comments/1os0qsr/iphone_17_promotions_current_tmobile_customer/nntxxki/,"Ah...appears to be what they're calling them, but I'm not really seeing anything there that's not been available.",Neutral,0.6850942969322205
reddit_comment,https://reddit.com/r/tmobile/comments/1orbint/how_do_i_use_my_iphone_voicemail_greeting_instead/nntxr7v/,"Try turning it off, restarting your iphone, then turn it back on. Make sure you're not on wifi either. 

It's stupid but low effort and might kick it on.",Neutral,0.5536393523216248
reddit_comment,https://reddit.com/r/tmobile/comments/1os0yog/old_simple_choice_free_tablet_line_how_much_data/nntx4li/,"I think they just removed the hard throttle and replaced it with soft deprioritization, meaning you stay at full LTE/5G speed unless the tower youâ€™re connected to is congested. I'm thinking you get 6gb's of high speed data then you are deprioritized and could be slowed down.",Neutral,0.7965540885925293
reddit_comment,https://reddit.com/r/tmobile/comments/1os0qsr/iphone_17_promotions_current_tmobile_customer/nntwrvy/,"Aren't these the BF deals?

https://www.t-mobile.com/offers/black-friday-deals",Neutral,0.8273295760154724
reddit_comment,https://reddit.com/r/tmobile/comments/1orw24k/lost_free_line/nntwow9/,"If the line is still on your account you might be able to get someone with elevated permissions to manually add it to see if it'll stay. 

If the line isn't there anymore, there's nothing anyone can do but to add credits to your amount to offset the line cost.",Neutral,0.9170940518379211
reddit_comment,https://reddit.com/r/tmobile/comments/1os0lmh/any_early_insight_into_black_friday_deals/nntwmim/,"They already changed their official page from a placeholder to the deal info, with Cyber Monday as well, so it's probably not going to change.

https://www.t-mobile.com/offers/black-friday-deals",Neutral,0.7876315116882324
reddit_comment,https://reddit.com/r/tmobile/comments/1os0yog/old_simple_choice_free_tablet_line_how_much_data/nntwjr4/,"I have that too.  My recollection is that it is 6GB, but it would roll over unused data up to 20GB.",Neutral,0.8771128058433533
reddit_comment,https://reddit.com/r/tmobile/comments/1orzud7/tmobile_esim_bites/nntvplu/,"In the life app there's an ""sim transfer or activation"" option bottom half of the device details of that line. You'll need the IMEI of the sim card or the esim you're moving the line to.",Neutral,0.9175785779953003
reddit_comment,https://reddit.com/r/tmobile/comments/1os0qsr/iphone_17_promotions_current_tmobile_customer/nntvo0v/,One Plan Unlimited 55 is the plan I currently am on.,Neutral,0.8352058529853821
reddit_comment,https://reddit.com/r/tmobile/comments/1orz5y3/google_fi_to_tmobile_on_4100_promo/nntvf5j/,It's definitely catch up to you.,Neutral,0.6537931561470032
reddit_comment,https://reddit.com/r/tmobile/comments/1orw24k/lost_free_line/nntv78k/,So exactly what most people with free lines do?,Neutral,0.7886670827865601
reddit_comment,https://reddit.com/r/tmobile/comments/1os0qsr/iphone_17_promotions_current_tmobile_customer/nntuqpq/,"Current promotions depend on which plan you're on.

Black Friday deals are unknown currently.",Neutral,0.938407838344574
reddit_comment,https://reddit.com/r/tmobile/comments/1ori0oc/account_cancelled/nntsx7w/,"Do realize what she was asking? she was only asking help with something  She definitely is not wrong to do what she did by posting on here for advice 
 I mean everyone more and less in their life will have questions about something that may come into their lives. I think if you have the feeling for ",Neutral,0.6813333630561829
reddit_comment,https://reddit.com/r/tmobile/comments/1oqiutz/20_off_per_month1_year/nntsrp5/,"Second this!

I tried through chat on T-Life, no luck. Was offered assistance to port over my lines and told not worry about canceling my HSI, it will automatically be cancelled and a return label for the modern would be sent to me after the billing cycle ends.

I'm a One Plan with four lines total,",Negative,0.5322558283805847
reddit_comment,https://reddit.com/r/tmobile/comments/1orzud7/tmobile_esim_bites/nntsr5e/,"TouchÃ©. Removing the physical SIM made me disinterested in the P10 series, even though the 9 series should of had Qi2 magnets like the 10 series. 

If Samsung tries that BS. I'll begrudgingly switch to Apple ðŸ«¤. If anything give me dual physical SIM",Negative,0.8280459642410278
reddit_comment,https://reddit.com/r/tmobile/comments/1orzud7/tmobile_esim_bites/nntsdc7/,"We are using esim on my Pixel and 2 galaxy phones and have no problems at all.Â  It is you, specifically what you are doing or not doing, the technology is fine.",Positive,0.7788311243057251
reddit_comment,https://reddit.com/r/tmobile/comments/1or7px9/anybodys_cellspot_v2_femtocell_still_working/nnts6qm/,Mine here in MA stopped working about a month ago.  Would boot with top light flashing and then all lights would flash yellow forever....,Negative,0.8242927193641663
reddit_comment,https://reddit.com/r/tmobile/comments/1ory20j/will_tmobile_ever_offer_a_free_iphone_upgrade_to/nntrnno/,No,Neutral,0.4406494200229645
reddit_comment,https://reddit.com/r/tmobile/comments/1orzfij/go5g_user_who_signed_up_for_hulu_on_us_almost_a/nntrh3s/,I have/had Go5G+ with Netflix On Us as of 1/5/24 but I do not have Hulu on Us.  Did I have to take some sort of action?  Or was that supposed to be automatically applied?,Neutral,0.7951657772064209
reddit_comment,https://reddit.com/r/tmobile/comments/1ol45lc/the_tmobile_credit_card_is_here_almost/nntqrza/,I got it for the $20 per month line discount and 2% back on every t mobile bill. Probably wonâ€™t use it for much else.,Neutral,0.6989349722862244
reddit_comment,https://reddit.com/r/tmobile/comments/1oqiutz/20_off_per_month1_year/nntqnee/,I just did this yesterday. Got kicked over to a supervisor who offered me $20/mo off.,Neutral,0.7566392421722412
reddit_comment,https://reddit.com/r/tmobile/comments/1o8sc18/who_tf_planned_this/nntqcrm/,"You may already got this from other posters, but look up Yum! Brands, inc.",Neutral,0.7409881353378296
reddit_comment,https://reddit.com/r/tmobile/comments/1orzud7/tmobile_esim_bites/nntpvza/,"There's no physical sim involved. The Pixel 10 only supports eSim. The Fold3 doesn't have any sim inserted at this point and the eSim is cleared. 

  
If you go to settings and try to set up the eSim, you hit the error on the Fold3. Would be nice to be able to generate a QR code it could scan, but t",Neutral,0.7464107871055603
reddit_comment,https://reddit.com/r/tmobile/comments/1orzud7/tmobile_esim_bites/nntpdug/,This is just a guess. Are you sure youâ€™re using the imei of the esim and not the psim?,Neutral,0.7995991110801697
reddit_comment,https://reddit.com/r/tmobile/comments/1oebrsa/using_a_credit_card_or_other_ineligible_method/nntpa8b/,"Also noting that you have to pay your full balance with your Amex. 

With all the data breaches, T-Mobile has really sliding.",Negative,0.5329981446266174
reddit_comment,https://reddit.com/r/tmobile/comments/1ordog6/tmobile_5g_uc_problems/nntovlw/,iPhone or Android?,Neutral,0.8507899641990662
reddit_comment,https://reddit.com/r/tmobile/comments/1orzrbd/is_it_possible_to_add_a_current_number_to_top/nntomv3/,Do you mean changing the account owner to somebody else ? Or do you mean adding somebody as an authorized user?,Neutral,0.9254276156425476
reddit_comment,https://reddit.com/r/tmobile/comments/1orw24k/lost_free_line/nntodx9/,"No. They ordered a simcard order to OP instead of adding a line. You donâ€™t need to put the simcard in the phone, it wonâ€™t get cancelled automatically if there is  no usage.",Neutral,0.5465390682220459
reddit_comment,https://reddit.com/r/tmobile/comments/1ordog6/tmobile_5g_uc_problems/nnto7m0/,both my gateway and phone use n41 im pretty sure,Neutral,0.7949122190475464
reddit_comment,https://reddit.com/r/tmobile/comments/1ordog6/tmobile_5g_uc_problems/nntnp19/,TMo is slowly becoming the Verizon we hate. In price. Service congestion.,Negative,0.9236965179443359
reddit_comment,https://reddit.com/r/tmobile/comments/1ory20j/will_tmobile_ever_offer_a_free_iphone_upgrade_to/nntnmqk/,No,Neutral,0.4406494200229645
reddit_comment,https://reddit.com/r/tmobile/comments/1orz5y3/google_fi_to_tmobile_on_4100_promo/nntn3rq/,That is correct but it lets me get to checkout after already adding my phone numbers that are on google fi. Question is that is this a glitch that they will catch later and im screwed.,Negative,0.6098031401634216
reddit_comment,https://reddit.com/r/tmobile/comments/1orz5y3/google_fi_to_tmobile_on_4100_promo/nntlnq5/,"Google fi is not listed as eligible for the promo online as well

Qualifying credit and service, & port-in (AT&T, Verizon, Claro, UScellular, Xfinity, Spectrum, and Liberty PR Only) required.â€¯

I think its because Google fi uses TMO towers",Neutral,0.5995799899101257
reddit_comment,https://reddit.com/r/tmobile/comments/1oqjf1m/wanted_to_switch_to_tmobile_today_almost_did_but/nntl860/,Thatâ€™s a nice deal you got there! I like keeping my phone nowadays myself. I donâ€™t mind extra money as long as itâ€™s not a lot of extra money and gains. T-Mobile would definitely improve in some areas for us. Iâ€™m still looking to switch. Just may need to go to a corporate store vs Costco or something,Positive,0.9058234095573425
reddit_comment,https://reddit.com/r/tmobile/comments/1orzfij/go5g_user_who_signed_up_for_hulu_on_us_almost_a/nntl3cp/,When Netflix on us went to with adds they gave customers Hulu on Us you are correct if Hulu was on a limited time frame it would show on TLife ie Satilite is free for 12 months when you port in a line and it says 12 months free. Your Hulu on Us says on us im inclined to believe it will continue to b,Neutral,0.7102841138839722
reddit_comment,https://reddit.com/r/tmobile/comments/1oqiutz/20_off_per_month1_year/nntl0cw/,"I discussed with the other mod that was actually already aware of who it was before the username. They did a lot more than just post something against the rules, including spamming referral codes for bilt, being incredibly rude to support reps, and bragging about defrauding tmo of credits for 3 year",Negative,0.6698676347732544
reddit_comment,https://reddit.com/r/tmobile/comments/1oryron/getting_ripped_off_by_tmobile/nntj7oa/,"With prepaid there is no win back or anything like that. You left, and now you came back. Itâ€™s not reestablishing the old account and therefore you pay an activation fee.",Negative,0.6194722056388855
reddit_comment,https://reddit.com/r/tmobile/comments/1oruzn7/tmobile_vs_costco_tmobile_financing_eli5/nntiepi/,"Because youâ€™re required to put a down payment down that phone is now cheaper, but youâ€™re still entitled to the full credits so those credits will be overpaying and go straight to your Bill all Costco and Sams kiosk or corporate so it will be the same if you went to a T-Mobile corporate store",Neutral,0.8158361911773682
reddit_comment,https://reddit.com/r/tmobile/comments/1or0s0b/not_for_existing_customers/nnti7d6/,But after trading in iPhone 14 for a 17 pro max. It shows $16 per month,Neutral,0.8858158588409424
reddit_comment,https://reddit.com/r/tmobile/comments/1oryron/getting_ripped_off_by_tmobile/nnthjlb/,"Why should you not have to pay an activation fee like everyone else? 

The SIM card thing is weird, Iâ€™ve never seen someone charge the $10 for one",Negative,0.644088864326477
reddit_comment,https://reddit.com/r/tmobile/comments/1oryron/getting_ripped_off_by_tmobile/nnthg9h/,Contact TForce no guarantee they will help but better than dealing with 611,Negative,0.6403384804725647
reddit_comment,https://reddit.com/r/tmobile/comments/1ory20j/will_tmobile_ever_offer_a_free_iphone_upgrade_to/nnth0eh/,so...no such thing as a 'retention' department anymore...like...willing to negotiate a deal on a 2-year phone contract if i tell em i'm switching to another carrier?,Neutral,0.5476352572441101
reddit_comment,https://reddit.com/r/tmobile/comments/xnvo5f/is_it_possible_to_swap_backandforth_an_esim/nntgld5/,Yes. Can swop between the 2 phones easily. Doesnâ€™t seem to be a limit.,Positive,0.5582544803619385
reddit_comment,https://reddit.com/r/tmobile/comments/1ori0oc/account_cancelled/nntfz9s/,"hi! iâ€™m back! luckily i didnâ€™t have to go to the store- i used my friends phone to call and they were able to restore my account. 

the problem was (which maybe iâ€™m stupid for this) but i needed to pay the other remaining balance that wasnâ€™t due until the end of this month. after that they had to ma",Positive,0.5932449102401733
reddit_comment,https://reddit.com/r/tmobile/comments/1opuywn/why_free_tsatellite_911_requires_an_esim_download/nntfm4o/,What do you mean they will be free agents again in January? What's happening in January?,Neutral,0.9512329697608948
reddit_comment,https://reddit.com/r/tmobile/comments/1ory20j/will_tmobile_ever_offer_a_free_iphone_upgrade_to/nntf3of/,"That's actually tempting.  My 13Pro was great on ios 18. It was damaged beyond repair and I had to buy a replacement that had  iOS 26 already loaded.   
  
I did technically get the first one free, but--just paid $350 for a near mint condition used 13 Pro.  Really wanted to stay on ios 18, but clear",Positive,0.7398321032524109
reddit_comment,https://reddit.com/r/tmobile/comments/1ory20j/will_tmobile_ever_offer_a_free_iphone_upgrade_to/nntenr0/,">They push everybody to the new Experience plans usually.

And when they introduce another new plan they will push everybody to that plan and the Experience plans will be where the Go5G plans and all the plans before that are currently. Repeat.

It's all an endless cycle designed to get customers on",Neutral,0.8497727513313293
reddit_comment,https://reddit.com/r/tmobile/comments/1ordog6/tmobile_5g_uc_problems/nnte626/,What bands are you on?    My phone is using B2 & n71.  My gateway is using n41 & n25. Both work pretty well.,Positive,0.7485752701759338
reddit_comment,https://reddit.com/r/tmobile/comments/1ory20j/will_tmobile_ever_offer_a_free_iphone_upgrade_to/nntdxav/,"Doubtful. Some targeted offers got floated around, but you have to have been targeted for it.",Neutral,0.6362268328666687
reddit_comment,https://reddit.com/r/tmobile/comments/1ory20j/will_tmobile_ever_offer_a_free_iphone_upgrade_to/nntdu5v/,"People have told me to ""never ever"" give this plan up.  Roughly $40 a month.  Is this still an exceptional deal/plan?  Only reason i want a new phone is that i accidentally upgraded to ios 26 from 18, and battery life is clearly awful now...",Negative,0.8312005996704102
reddit_comment,https://reddit.com/r/tmobile/comments/1orw24k/lost_free_line/nntdldl/,"Step 1: Sign up for free line  
Step 2: Get new SIM card on the mail  
Step 3: Insert SIM card into phone to make sure it works within 24hrs of receiving the SIM card  
Step 4: Enjoy free line; if problem arises contact T-Force for solution

  
You forgot step 3 and 4.",Neutral,0.8307739496231079
reddit_comment,https://reddit.com/r/tmobile/comments/1ory20j/will_tmobile_ever_offer_a_free_iphone_upgrade_to/nntdlah/,"The chances of that are near-zero.  That deal was a good-faith option during acquisition.  There are currently some promos that may work with that plan, though none will fully cover the cost of a new phone.

I think thereâ€™s a $300 off 14/15/15+/16â€™s/17â€™s with a good condition trade.",Neutral,0.6320957541465759
reddit_comment,https://reddit.com/r/tmobile/comments/1ory20j/will_tmobile_ever_offer_a_free_iphone_upgrade_to/nntd54d/,Doubt it will ever happen. They push everybody to the new Experience plans usually. I know there was a loyalty offer coming around but I donâ€™t know if advantage was included in that.,Negative,0.7409011721611023
reddit_comment,https://reddit.com/r/tmobile/comments/1ordog6/tmobile_5g_uc_problems/nntd1vo/,"i dont get how my 5G home internet dont struggle it literally is always on the UC and have no problems with 20 devices. but when i walk out on the same tower it wont load unless im on LTE, even leaving that cell tower area and going to another area with a different tower its still the same.",Negative,0.6920815706253052
reddit_comment,https://reddit.com/r/tmobile/comments/1cexqym/employee_discount/nntcvki/,"Sorry for the dead thread, but do you get discounts on watch lines? I'm a fairly new employee and wanted to get a watch but unsure of the discount on the watch line",Neutral,0.7343200445175171
reddit_comment,https://reddit.com/r/tmobile/comments/1oruzn7/tmobile_vs_costco_tmobile_financing_eli5/nntcndq/,"Thanks all, but what I think I donâ€™t understand is how I get credited more than the amount financed since the terms pretty clearly state that credits stop once financing is paid off.

Also, is there any difference in finance limits between a store & Costco?  Or did the store employee just fail to te",Negative,0.5013867616653442
reddit_comment,https://reddit.com/r/tmobile/comments/1ordog6/tmobile_5g_uc_problems/nntckol/,"Try using a VPN.   It could be a number of configuration issues.  A VPN could resolve that.  Itâ€™s worth a try. (Thereâ€™s no way to change cellular configuration, such as DNS).",Neutral,0.6950746178627014
reddit_comment,https://reddit.com/r/tmobile/comments/1ordog6/tmobile_5g_uc_problems/nntbiaj/,im thinking its a problem with everyone in wv?,Neutral,0.615217924118042
reddit_comment,https://reddit.com/r/tmobile/comments/1ordog6/tmobile_5g_uc_problems/nntbcpg/,its really pissing me and my fam off because we can be in the middle of something important and 5G UC kicks in for better speed and it jus completely goes downhill,Negative,0.9176620244979858
reddit_comment,https://reddit.com/r/tmobile/comments/1ordog6/tmobile_5g_uc_problems/nntb46z/,im getting the exact speeds but stuff still wont load at all or just barely,Negative,0.8577855229377747
reddit_comment,https://reddit.com/r/tmobile/comments/1or0s0b/not_for_existing_customers/nntahra/,Black Friday sale coming out November 16 they told me I canâ€™t wait I need to trade in my iPhone 14 Pro it has 78% battery life and owned it in March 2023,Positive,0.9422522783279419
reddit_comment,https://reddit.com/r/tmobile/comments/1oqys1e/new_tablets/nntaffv/,"For real, that's more than half my monthly rent!",Negative,0.45056402683258057
reddit_comment,https://reddit.com/r/tmobile/comments/1niska3/switched_over_for_the_keep_and_switch/nnt9cw6/,"So I was absolutely expecting to call customer care and be told that I was outside of the 30 day window to take advantage of the promotion and to kick rocks.  However, in a potentially exciting plot twist, I spoke to customer care who sympathized with the situation and transferred me over to the reb",Positive,0.5382859110832214
reddit_comment,https://reddit.com/r/tmobile/comments/1oqtgy4/should_i_tradein_my_old_device_if_tmobile_pays_it/nnt8eww/,"The rep did not know that you can do keep and switch for ATT, but they do not automatically unlock devices so it typically creates problems. 

You would need to port that persons phone #, then leave them stranded for a week or two while you wait for the redemption card, then pay it off and have it u",Negative,0.6047360301017761
reddit_comment,https://reddit.com/r/tmobile/comments/1oo3i44/tmobile_tuesday_discussion_for_november_04_2025/nnt85wc/,So yesterday an elderly couple came in to my retail store and we had a great conversation. We spoke about everything Tmobile had to offer even though they were already existing customers. They wanted to try our 5g home internet. The husband didnâ€™t have his phone on him and the wife was not an author,Positive,0.6679482460021973
reddit_comment,https://reddit.com/r/tmobile/comments/1ort43o/now_anyone_can_text_911_via_tmobiles_satellites/nnt81y1/,You are correct that a T-Mobile support page says that but I was able to register my iPhone 16 without problem.,Neutral,0.5659981966018677
reddit_comment,https://reddit.com/r/tmobile/comments/xnvo5f/is_it_possible_to_swap_backandforth_an_esim/nnt7tht/,did you ever figure this out?,Neutral,0.7684333920478821
reddit_comment,https://reddit.com/r/tmobile/comments/1oqiutz/20_off_per_month1_year/nnt6gi6/,Poster was trying to make a comparison about how ridiculous it is to ask for a discount. Subscription services with lower-priced competition are obviously different than a big box store.,Negative,0.5800110101699829
reddit_comment,https://reddit.com/r/tmobile/comments/1or7n9m/tmobile_is_handing_out_free_flagship_phones_for/nnt5i5q/,"The 4 for $100 plan! Such a deal that we punish our reps for allowing you to get it!

Right Fit? What the hell does that mean?",Negative,0.917474091053009
reddit_comment,https://reddit.com/r/tmobile/comments/1orw24k/lost_free_line/nnt5cbh/,You should reach out to the office of the president to get it fixed. Normal cs may not be able to fix but that doesnâ€™t mean no one can. It will take a couple weeks but they will get back to you.,Neutral,0.5852015614509583
reddit_comment,https://reddit.com/r/tmobile/comments/1oqy6ku/check_your_bill_if_you_opened_a_free_line_last/nnt4vsu/,Nope. Grandfathered plans donâ€™t get free data add ons anymore. And Iâ€™m pretty sure the 15 one is the cheapest one available now.,Neutral,0.6657653450965881
reddit_comment,https://reddit.com/r/tmobile/comments/1orw24k/lost_free_line/nnt3hmw/,Imagine the phone number hoarding that would occur if you could be assigned a free line and not use it for months. Un-activated lines expire for a reason.,Negative,0.5700871348381042
reddit_comment,https://reddit.com/r/tmobile/comments/1orw24k/lost_free_line/nnt318c/,"What you can do is do the current BOGO, the terms are after a year you can cancel the paid line and keep the free line. ID promo states this in the terms. Keeping paid line after a year is not necessary. Get the 18 month credit and cancel the paid line after a year. Youâ€™ll get your free line and bil",Neutral,0.8153899908065796
reddit_comment,https://reddit.com/r/tmobile/comments/1ori0oc/account_cancelled/nnt2zax/,"Or, if you have spectrum for Internet they will give you 12 months of cellular service at no charge",Neutral,0.7829710245132446
reddit_comment,https://reddit.com/r/tmobile/comments/1or7n9m/tmobile_is_handing_out_free_flagship_phones_for/nnt2exu/,Trick people,Negative,0.6077101826667786
reddit_comment,https://reddit.com/r/tmobile/comments/1oqjf1m/wanted_to_switch_to_tmobile_today_almost_did_but/nnt1o8v/,Yea I was gonna stay with Verizon cause with my dad my bill is 83 with my iPhone 15 pro max   But T-Mobile offered to pay my phone off and i can keep my iPhone switching and my bill is 95 dollars but with T-Mobile  I donâ€™t have problems All the dead zones I had with Verizon (specifically at work) ar,Positive,0.49581998586654663
reddit_comment,https://reddit.com/r/tmobile/comments/1oo8fg2/thinking_of_switching_carriers_to_tmobile_is_it/nnt0x9r/,Not all costcos have T-Mobile kiosks. You should look it up which ones do.,Neutral,0.8023004531860352
reddit_comment,https://reddit.com/r/tmobile/comments/1orw24k/lost_free_line/nnt0pdy/,IF OP is going to even come close to getting the line back on hes probably going to have to get in touch with ERT. However there is no guarantee they are going to be able to fix the issue.,Negative,0.7373515367507935
reddit_comment,https://reddit.com/r/tmobile/comments/1or0s0b/not_for_existing_customers/nnt07nn/,"I was using the website, and my experience seemed to change throughout the day.  By late afternoon it seemed to be working correctly, and I was able to upgrade.",Positive,0.6362771391868591
reddit_comment,https://reddit.com/r/tmobile/comments/1or0s0b/not_for_existing_customers/nnszfmc/,"With experience beyond or go5g next plan
Any iphone 13 pro and above get you 1100
Even for existing customers with the plan",Neutral,0.6156883835792542
reddit_comment,https://reddit.com/r/tmobile/comments/1oqjf1m/wanted_to_switch_to_tmobile_today_almost_did_but/nnsz35p/,"Thanks!! Thatâ€™s what I was thinking too!! Was wondering about the stacking with Costco or not too. I may just hit up a corporate store despite the Costco offerings being pretty good. Iâ€™ll definitely try again with Costco but long term discounter value trumps short term gift cards and such. 

I would",Positive,0.8138890266418457
reddit_comment,https://reddit.com/r/tmobile/comments/1or0s0b/not_for_existing_customers/nnsymeo/,Because you probably have the military first responder or 55+ version of next or beyond,Neutral,0.8350775837898254
reddit_comment,https://reddit.com/r/tmobile/comments/1orw24k/lost_free_line/nnsxyuf/,Thanks. I guess I'll probably just take the 18 months. Better than nothing!,Positive,0.7725434303283691
reddit_comment,https://reddit.com/r/tmobile/comments/1orw24k/lost_free_line/nnsxr9f/,I would take what they're giving you. The fact that you didn't activate it or do anything with it at the time is part of the reason they can't give you that promotion. I understand where you're coming from that it's their screw up. But if you had done something with the line while the promotion was ,Negative,0.6422786116600037
reddit_comment,https://reddit.com/r/tmobile/comments/1orw24k/lost_free_line/nnsxlh5/,Thanks. I may end up doing that. Guess I was hoping some higher up could force a free line. Guess not.,Neutral,0.6697790622711182
reddit_comment,https://reddit.com/r/tmobile/comments/1oqjf1m/wanted_to_switch_to_tmobile_today_almost_did_but/nnsxi44/,Yeah donâ€™t get me started on that ðŸ˜’ But I agree with you and this whole AI support movement is complete crap.,Negative,0.9391384124755859
reddit_comment,https://reddit.com/r/tmobile/comments/1ol45lc/the_tmobile_credit_card_is_here_almost/nnsxfut/,All of that is the same with Verizon,Negative,0.5113645195960999
reddit_comment,https://reddit.com/r/tmobile/comments/1orw24k/lost_free_line/nnsxedm/,"Ask how they are going to give you the 18 months credit.  Monthly or a lump sum.

Depending on your plan, If you were going to buy a new  phone,  getting this line added can get a free phone.   

You can even do bogo lines and even the second free phones


Or Take the compensated line,  cancel in  x",Neutral,0.8361448049545288
reddit_comment,https://reddit.com/r/tmobile/comments/1orw24k/lost_free_line/nnsx7ig/,Hmmm that doesnt make any sense,Negative,0.6821431517601013
reddit_comment,https://reddit.com/r/tmobile/comments/1orw24k/lost_free_line/nnsx1ml/,I had another free line that sat in a desk drawer for quite a while before I used it and didn't have a problem.,Neutral,0.6484803557395935
reddit_comment,https://reddit.com/r/tmobile/comments/1oqjf1m/wanted_to_switch_to_tmobile_today_almost_did_but/nnswz6l/,T-Mobile isnâ€™t a Bentley and Verizon Honda. lol mint is more like Honda. No this is going from one dealership to another dealership because the first dealership couldnâ€™t get the deal done.,Neutral,0.4850703775882721
reddit_comment,https://reddit.com/r/tmobile/comments/1orw24k/lost_free_line/nnswlwc/,They can't force a free line promo that doesn't exist anymore. I would have taken the 18 months of free service if you are truly in need of an additional line.,Neutral,0.5418953895568848
reddit_comment,https://reddit.com/r/tmobile/comments/1oqjf1m/wanted_to_switch_to_tmobile_today_almost_did_but/nnswj9a/,"The Costco rep say it would be with taxes. Iâ€™m just going to try again or hit up a corporate store. Iâ€™d prefer Costco since they have some good deals going on and even better deals in a week or two. Turns out I can just do more. Get the iPad, unlimited plan which is better then the $5 plan on beyond",Positive,0.6003772616386414
reddit_comment,https://reddit.com/r/tmobile/comments/1niska3/switched_over_for_the_keep_and_switch/nnswbri/,It's wild that this is the best way to receive support these days. I had the exact same recommendation from one of our fellow Redditors for my AT&T issue.  I couldn't get the AT&T AI on the phone to understand what I needed.  It kept hanging up on me when it couldn't figure it out.  I reached out to,Positive,0.6150657534599304
reddit_comment,https://reddit.com/r/tmobile/comments/1niska3/switched_over_for_the_keep_and_switch/nnsvy2p/,"This is what I found out the hard way, after they'd denied my claim and only then told me I needed to run the phone I was keeping on the line for a while to be eligible for the promotion.  

I'm on hold with the promotions department right now to see if I can get it straightened out.  I'm not holdin",Negative,0.7634211778640747
reddit_comment,https://reddit.com/r/tmobile/comments/1orw24k/lost_free_line/nnsvo23/,You shouldve activated it. It cancelled automatically because you never put the sim in the phone.,Negative,0.5852123498916626
reddit_comment,https://reddit.com/r/tmobile/comments/1orih1l/new_account_via_costco/nnsvnzn/,Thanks for the feedback. Thought it was once the current offer resets and a new one is available based on others feedback. Didnâ€™t know it was 90 days but thanks for the heads up.,Positive,0.5622446537017822
reddit_comment,https://reddit.com/r/tmobile/comments/1niplvs/tmobile_at_costco/nnsv9co/,I want to know too!,Neutral,0.551386296749115
reddit_comment,https://reddit.com/r/tmobile/comments/1ordog6/tmobile_5g_uc_problems/nnsv45v/,"Totally unrelated to your locality but I observed the same in North Texas region. 

Data/Load times have gone downhill real fast. I have solid full bars of UC yet things wonâ€™t load at all. I am guessing it is congestion or possible tower modernization. Only time will tell. 

For the time being my se",Negative,0.7518905401229858
reddit_comment,https://reddit.com/r/tmobile/comments/1oqiutz/20_off_per_month1_year/nnstrsg/,"Am I understanding this right that you told them you were getting in touch because you heard if you say you are going to cancel that you will get a monthly credit?  i.e. basically telling them you weren't going to leave, just kicking the tires on the credit?",Neutral,0.7696694135665894
reddit_comment,https://reddit.com/r/tmobile/comments/1or0s0b/not_for_existing_customers/nnss7h5/,"Yup, it seems they did not refresh the previous promo for upgrade. It's still ID250554 for iPhones. I already used 4 (max limit) and I have 6 lines in my account.",Neutral,0.5252301096916199
reddit_comment,https://reddit.com/r/tmobile/comments/rktpvy/where_can_i_buy_a_tmobile_sims_card/nnsru2o/,Duh. I must be a really OLD time traveler ;-) s/,Neutral,0.5344249606132507
reddit_comment,https://reddit.com/r/tmobile/comments/rktpvy/where_can_i_buy_a_tmobile_sims_card/nnsr6ju/,You were just naming closed businesses. Figured it was sarcasm or you were a time traveler.,Neutral,0.598861038684845
reddit_comment,https://reddit.com/r/tmobile/comments/rktpvy/where_can_i_buy_a_tmobile_sims_card/nnsqt7d/,???,Neutral,0.7134517431259155
reddit_comment,https://reddit.com/r/tmobile/comments/1or0s0b/not_for_existing_customers/nnsq8e9/,You just donâ€™t know what your doing lol,Negative,0.6969989538192749
reddit_comment,https://reddit.com/r/tmobile/comments/1oruzn7/tmobile_vs_costco_tmobile_financing_eli5/nnsq3uz/,Youâ€™ll have a down payment. But you recoup that back via monthly credit from T-Mobile,Neutral,0.8594605326652527
reddit_comment,https://reddit.com/r/tmobile/comments/1ol45lc/the_tmobile_credit_card_is_here_almost/nnspva9/,"Yeah but don't you get the $10 off for autopay per line, which is only available if you use this particular credit card? Sure, you still get the discount if you use a debit card or straight up give them your bank info, but then you don't get any cashback. So this is 1% back, *plus* the $10 off per l",Neutral,0.8458885550498962
reddit_comment,https://reddit.com/r/tmobile/comments/1oruzn7/tmobile_vs_costco_tmobile_financing_eli5/nnsndyr/,"Letâ€™s say you paid $400 as the down payment, and then you were credited $183.33/month for 24 months.

Not saying thatâ€™s exactly what it would be, but in that case, the math works out. You are covering the $400 gap in financing availability, and then being â€œpaid backâ€.

Again not saying thatâ€™s exactl",Neutral,0.8112950325012207
reddit_comment,https://reddit.com/r/tmobile/comments/1ol4qek/tsatellite_paired_with_low_cost_phone_plan/nnsksi3/,Isnâ€™t the standalone plan $15?,Neutral,0.8864597082138062
reddit_comment,https://reddit.com/r/tmobile/comments/1ol4qek/tsatellite_paired_with_low_cost_phone_plan/nnsko9f/,Any chance you can share the SOC?,Neutral,0.8906153440475464
reddit_comment,https://reddit.com/r/tmobile/comments/1oq9w8h/loss_of_free_line_on_change_of_responsibility/nnsjno0/,TMOBILE dont publicly publish those terms.   Not idea if they became more restrictive in regard to other line movement.,Neutral,0.5291678309440613
reddit_comment,https://reddit.com/r/tmobile/comments/1ort43o/now_anyone_can_text_911_via_tmobiles_satellites/nnsh34m/,"Yeah, but that's still a satellite capable phone--what I was addressing.  Why would T-Mobile provide the service if a phone has a satellite connected service already?  Or more to the point, why would a user care if it's T-Mobile, Apple or Google, as long as they have something?  

 I'd guess that wi",Neutral,0.7424754500389099
reddit_comment,https://reddit.com/r/tmobile/comments/1ood9rt/six_lines_switching_from_att_to_tmobile_device/nnsgcs1/,"If youâ€™re going to go the essentials route, why not just use an MVNO? Essentials is deprioritized anyway",Neutral,0.6825224757194519
reddit_comment,https://reddit.com/r/tmobile/comments/1or0s0b/not_for_existing_customers/nnsg86v/,"The Costco number couldnâ€™t even get me the offer t-life had for my yearly upgrade. Which was free in tlife, full price with Costco. 

I suspect I was talking to someone that had no clue.",Negative,0.7538889050483704
reddit_comment,https://reddit.com/r/tmobile/comments/1orfyz2/porting_out_a_number_tied_to_a_financed_device/nnsfv8m/,"When I checked on this a couple of years back, I was told leave the phone number as-is until EIP ends as the promo is on the number. If I port out and get another number, I would lose the promo.",Neutral,0.5716342329978943
reddit_comment,https://reddit.com/r/tmobile/comments/1ort43o/now_anyone_can_text_911_via_tmobiles_satellites/nnsfu5x/,"No if youâ€™re phone has built in SOS through satellite then youâ€™re not eligible because you already have it with someone else, like how all new iPhones have sos satellite through apple and pixels also have it through google, only phones that support satellite but donâ€™t have it included already such a",Neutral,0.7942180633544922
reddit_comment,https://reddit.com/r/tmobile/comments/1opsszu/what_is_the_best_deal/nnsf7r8/,Who are you with currently? Qualified postpaid port gets free phones without trade in on Beyond plan. Go to Costco after holiday promo starts for extra $$ cash cards.,Neutral,0.5423722267150879
reddit_comment,https://reddit.com/r/tmobile/comments/1ort43o/now_anyone_can_text_911_via_tmobiles_satellites/nnsf6sb/,"Read the article again.  Â ""**so long as you have a compatible smartphone** (even if youâ€™re not a T-Mobile subscriber)""

The point of the article is that you don't have to be a T-Mobile customer, not that non-compatible devices will somehow magically become compatible.

Assuming you're right about th",Neutral,0.76430743932724
reddit_comment,https://reddit.com/r/tmobile/comments/1orih1l/new_account_via_costco/nnseyqa/,"Bringing over two more lines isnâ€™t an issue but it would be BYOD or a down payment for more physical phones 

Equipment Credit is only for devices/accessories etc

No you donâ€™t qualify for the bogo line as well as 3rd line free unless you wait 90 days I believe 

And the 20% off would not mess up th",Neutral,0.7865382432937622
reddit_comment,https://reddit.com/r/tmobile/comments/1oq9w8h/loss_of_free_line_on_change_of_responsibility/nnsets0/,Is it always like that for any BYOD free line? Not sure if they have become restrictive in recent times.,Neutral,0.7314165830612183
reddit_comment,https://reddit.com/r/tmobile/comments/y35zcw/applecare_versus_protection360/nnsekfa/,Only when you get a phone replacement from Assurant,Neutral,0.7722784280776978
reddit_comment,https://reddit.com/r/tmobile/comments/1oq9w8h/loss_of_free_line_on_change_of_responsibility/nnsej1s/,"If March, did COR get considered as removing a line within 12-months which would remove the free line?Â 

You can't remove lines for 12-months after getting a free line.",Neutral,0.8394768834114075
reddit_comment,https://reddit.com/r/tmobile/comments/1opuywn/why_free_tsatellite_911_requires_an_esim_download/nnscmbs/,"Quick notes for myself and anyone else that cares. The free T-Satellite Emergency Plan seems to available in three flavors. The planSOC for the standalone service is TSAT911, the add-on SOC for business lines is BSAT911.

Does anyone know the add-on SOC for consumer lines?

What about the $15 standa",Neutral,0.9193178415298462
reddit_comment,https://reddit.com/r/tmobile/comments/1ort43o/now_anyone_can_text_911_via_tmobiles_satellites/nnsaaxj/,"Not true.

Go to tmo and see. All new iPhones can't.

Junk article.",Neutral,0.5653815269470215
reddit_comment,https://reddit.com/r/tmobile/comments/1orpolm/using_the_tmo_credit_card_in_2_accounts/nns9vdp/,Do you not know how credit cards work?,Negative,0.555418848991394
reddit_comment,https://reddit.com/r/tmobile/comments/1n8q329/any_higher_priority_availability_for_phone_plans/nns87hr/,How's it working out for you?,Neutral,0.8733397126197815
reddit_comment,https://reddit.com/r/tmobile/comments/1ori0oc/account_cancelled/nns7ztk/,"If you want your number, call T-Mobile. 

If you owe on a phone still, call T-Mobile.
 
If no to both, get a prepaid service which will be cheaper than a regular account. I recommend Metro.",Neutral,0.721958577632904
reddit_comment,https://reddit.com/r/tmobile/comments/17snv2x/tmobile_basic_mobile_internet_30gb_10/nns70ge/,I was able to get this plan 11/8/2026 by calling and signing up for a standard tablet plan calling back after the SIM shipped to cancel because it wasn't the plan I wanted.  I told them I wanted MI30TI.  They had to get a manager involved and could they could only change it to MI30TE.,Negative,0.6386748552322388
reddit_comment,https://reddit.com/r/tmobile/comments/1orpolm/using_the_tmo_credit_card_in_2_accounts/nns5fdc/,How about adding P2 as AU and use it on 2nd Tmo account?,Neutral,0.942905604839325
reddit_comment,https://reddit.com/r/tmobile/comments/1oez4ye/solutions_to_tmobile_stopping_autopay_discount_of/nns4krf/,There is literally no way a rep adding notes to your account will exempt you from this company-wide change. The rep was just trying to get you off the phone,Negative,0.7675221562385559
reddit_comment,https://reddit.com/r/tmobile/comments/1oq19u6/is_this_good_deal_trade_in/nns333m/,"no shot this happens IMO, i would take this deal.",Neutral,0.5654355883598328
reddit_comment,https://reddit.com/r/tmobile/comments/1orq915/wth_is_this/nns21sy/,I miss Sprint Wireless ðŸ˜¢,Negative,0.5975813269615173
